排名,电影名,rating,predicted_fixed_director,director_effect,actors_effect_sum_by_shares,actors_effect_sum_by_actor_means,predicted_with_actor_means,final_residual_with_actor_means
1,肖申克的救赎 The Shawshank Redemption,9.7,9.94961636692594,0.0,-0.24961636692593991,-0.21891687737942686,9.730699489546513,-0.030699489546513803
2,霸王别姬,9.6,9.748026503611765,0.0,-0.1480265036117654,-0.0965036961246944,9.651522807487071,-0.051522807487071276
3,泰坦尼克号 Titanic,9.5,9.547145716505986,-0.21988607227501533,-0.047145716505985646,-0.05285181388098141,9.494293902625005,0.005706097374995167
4,阿甘正传 Forrest Gump,9.5,9.750835907191009,0.0,-0.2508359071910089,-0.16371852102890322,9.587117386162106,-0.08711738616210596
5,千与千寻 千と千尋の神隠し,9.4,9.698556171891177,-0.07939022404076052,-0.29855617189117645,-0.29855617189117645,9.4,0.0
6,美丽人生 La vita è bella,9.5,9.42226159326546,0.0,0.07773840673453947,0.07773840673453947,9.5,0.0
7,星际穿越 Interstellar,9.4,9.468166682376408,-0.205971256229327,-0.06816668237640755,-0.10128447738762499,9.366882204988784,0.0331177950112167
8,这个杀手不太冷 Léon,9.4,9.784478388463093,0.0,-0.38447838846309246,-0.3410812675321274,9.443397120930966,-0.04339712093096537
9,盗梦空间 Inception,9.4,9.515011638226907,-0.205971256229327,-0.11501163822690685,-0.06558705767455135,9.449424580552355,-0.04942458055235477
10,楚门的世界 The Truman Show,9.4,9.62371265127765,0.0,-0.2237126512776495,-0.2278659418892468,9.395846709388403,0.0041532906115975265
11,辛德勒的名单 Schindler's List,9.5,9.182669004005113,-0.12613312082420225,0.3173309959948867,0.052214939088216505,9.23488394309333,0.2651160569066704
12,忠犬八公的故事 Hachi: A Dog's Tale,9.4,9.45030075224207,0.0,-0.050300752242069535,-0.025826691584295736,9.424474060657774,-0.024474060657773578
13,海上钢琴师 La leggenda del pianista sull'oceano,9.3,9.458162805829161,-0.12253947908116491,-0.15816280582916065,-0.14970614555129935,9.308456660277862,-0.008456660277861516
14,疯狂动物城 Zootopia,9.2,9.701970905837987,0.0,-0.5019709058379878,-0.5019709058379878,9.2,0.0
15,三傻大闹宝莱坞 3 Idiots,9.2,9.646811848142903,0.0,-0.44681184814290376,-0.4574350297762,9.189376818366704,0.010623181633295786
16,机器人总动员 WALL·E,9.3,9.424018459916772,0.0,-0.12401845991677085,-0.12401845991677085,9.3,0.0
17,放牛班的春天 Les choristes,9.3,9.418504959042576,0.0,-0.11850495904257485,-0.11850495904257485,9.3,0.0
18,无间道 無間道,9.3,9.45664079778082,0.0,-0.15664079778081863,-0.08479871249335919,9.37184208528746,-0.07184208528745906
19,控方证人 Witness for the Prosecution,9.6,8.925100344654842,0.0,0.6748996553451576,0.6748996553451576,9.6,0.0
20,大话西游之大圣娶亲 西遊記大結局之仙履奇緣,9.2,9.207656354144214,-0.31019610254504393,-0.007656354144215172,-0.1157522376913741,9.09190411645284,0.10809588354715949
21,熔炉 도가니,9.3,9.186210067689382,0.0,0.11378993231061862,-0.1054035953028567,9.080806472386525,0.21919352761347533
22,触不可及 Intouchables,9.3,9.330881398425946,0.0,-0.030881398425945505,-0.030881398425945505,9.3,0.0
23,寻梦环游记 Coco,9.1,9.504100972065482,-0.10641306597997224,-0.404100972065482,-0.404100972065482,9.1,0.0
24,教父 The Godfather,9.3,9.52917095773649,0.3029247868100162,-0.2291709577364891,-0.1408862438441545,9.388284713892336,-0.08828471389233528
25,当幸福来敲门 The Pursuit of Happyness,9.1,9.50942228863688,0.0,-0.4094222886368808,-0.4094222886368808,9.1,0.0
26,末代皇帝 The Last Emperor,9.3,9.177946317067049,0.0,0.12205368293295216,0.06019209594861996,9.238138413015669,0.06186158698433175
27,哈利·波特与魔法石 Harry Potter and the Sorcerer's Stone,9.2,9.391211031313755,0.0,-0.19121103131375605,-0.12126733389803551,9.26994369741572,-0.06994369741572015
28,龙猫 となりのトトロ,9.2,9.311260959318075,-0.07939022404076052,-0.11126095931807534,-0.0432591562045892,9.268001803113485,-0.06800180311348569
29,活着,9.3,9.139701163902751,0.0,0.16029883609724926,0.03018806376101931,9.16988922766377,0.1301107723362307
30,怦然心动 Flipped,9.1,9.638385890027545,0.0,-0.5383858900275449,-0.5383858900275449,9.1,0.0
31,蝙蝠侠：黑暗骑士 The Dark Knight,9.2,9.072687239225912,-0.205971256229327,0.12731276077408715,0.05687208903437516,9.129559328260287,0.07044067173971236
32,指环王3：王者无敌 The Lord of the Rings: The Return of the King,9.3,9.201633984776349,0.10363907030971875,0.09836601522365207,-0.077157242214316,9.124476742562033,0.17552325743796793
33,我不是药神,9.0,9.730012233422517,0.0,-0.7300122334225172,-0.7300122334225172,9.0,0.0
34,乱世佳人 Gone with the Wind,9.3,9.005657800240296,0.0,0.2943421997597042,0.3090119009288146,9.31466970116911,-0.014669701169109928
35,飞屋环游记 Up,9.1,9.135925359013495,-0.29281499063561345,-0.03592535901349514,-0.010596951148287886,9.125328407865206,-0.025328407865206515
36,让子弹飞,9.0,9.47637211438153,-0.11838542838339539,-0.4763721143815296,-0.1015382014159488,9.374833912965581,-0.3748339129655811
37,哈尔的移动城堡 ハウルの動く城,9.1,9.247451243473344,-0.07939022404076052,-0.14745124347334482,-0.14745124347334482,9.1,0.0
38,十二怒汉 12 Angry Men,9.4,8.793993184192516,0.0,0.6060068158074845,0.6060068158074845,9.4,0.0
39,素媛 소원,9.3,8.993359155852172,0.0,0.3066408441478288,0.3066408441478288,9.3,0.0
40,海蒂和爷爷 Heidi,9.3,8.986624201514347,0.0,0.31337579848565333,0.31337579848565333,9.3,0.0
41,猫鼠游戏 Catch Me If You Can,9.1,9.157908134593798,-0.12613312082420225,-0.05790813459379862,-0.022038184434038044,9.13586995015976,-0.03586995015976058
42,天空之城 天空の城ラピュタ,9.2,9.087672011675853,-0.07939022404076052,0.11232798832414659,0.11232798832414659,9.2,0.0
43,鬼子来了,9.3,8.81987420057768,-0.11838542838339539,0.48012579942232136,0.38022660972748185,9.20010081030516,0.09989918969484002
44,摔跤吧！爸爸 Dangal,9.0,9.531797301209274,0.0,-0.5317973012092736,-0.5211741195759774,9.010623181633296,-0.010623181633295786
45,少年派的奇幻漂流 Life of Pi,9.1,9.366305409457663,-0.06141160964108039,-0.26630540945766334,-0.26630540945766334,9.1,0.0
46,钢琴家 The Pianist,9.3,8.968142224960353,0.0,0.33185777503964786,0.25503746768953867,9.223179692649891,0.07682030735010947
47,指环王2：双塔奇兵 The Lord of the Rings: The Two Towers,9.2,9.16147119617784,0.10363907030971875,0.03852880382215851,-0.007348056192630459,9.15412313998521,0.045876860014789855
48,死亡诗社 Dead Poets Society,9.2,9.071005058522012,0.0,0.12899494147798762,0.10064539989886327,9.171650458420874,0.02834954157912506
49,大话西游之月光宝盒 西遊記第壹佰零壹回之月光寶盒,9.0,9.05799005427852,-0.31019610254504393,-0.057990054278519665,-0.14091908775852635,8.917070966519994,0.08292903348000635
50,何以为家 كفرناحوم,9.1,9.263599372646311,0.0,-0.16359937264631164,-0.16359937264631164,9.1,0.0
51,闻香识女人 Scent of a Woman,9.1,9.175258987347975,0.0,-0.07525898734797565,-0.061147927220230214,9.114111060127746,-0.0141110601277461
52,绿皮书 Green Book,8.9,9.583595016971614,0.0,-0.6835950169716138,-0.5347977162643741,9.04879730070724,-0.1487973007072405
53,大闹天宫,9.4,8.711620062787354,0.0,0.6883799372126465,0.7390203833536343,9.450640446140989,-0.050640446140988615
54,黑客帝国 The Matrix,9.1,9.126231794086797,0.0,-0.026231794086797322,0.016081492495081506,9.142313286581878,-0.04231328658187827
55,指环王1：护戒使者 The Lord of the Rings: The Fellowship of the Ring,9.1,9.236894819045789,0.10363907030971875,-0.13689481904578926,-0.09440068982758967,9.1424941292182,-0.04249412921820017
56,罗马假日 Roman Holiday,9.1,9.194044851615526,0.0,-0.09404485161552678,-0.09404485161552678,9.1,0.0
57,教父2 The Godfather: Part II,9.3,9.16428211210689,0.3029247868100162,0.13571788789311157,0.06037352148081143,9.2246556335877,0.0753443664123008
58,狮子王 The Lion King,9.1,9.133869723372701,0.0,-0.033869723372701444,-0.033869723372701444,9.1,0.0
59,天堂电影院 Nuovo Cinema Paradiso,9.2,8.841908400816255,-0.12253947908116491,0.35809159918374434,0.35809159918374434,9.2,0.0
60,饮食男女 飲食男女,9.2,8.882686354622152,-0.06141160964108039,0.31731364537784756,0.3352105192354973,9.217896873857649,-0.01789687385764971
61,辩护人 변호인,9.2,8.885747635711404,0.0,0.3142523642885955,0.1956837829468235,9.081431418658227,0.11856858134177273
62,本杰明·巴顿奇事 The Curious Case of Benjamin Button,9.0,8.90804221793742,-0.3202687368270727,0.09195778206258076,0.08495084306056411,8.992993060997984,0.00700693900201621
63,搏击俱乐部 Fight Club,9.0,8.820722380458811,-0.3202687368270727,0.17927761954118893,0.12551580199133694,8.946238182450148,0.05376181754985154
64,美丽心灵 A Beautiful Mind,9.1,9.058625443814702,0.0,0.04137455618529806,0.022553450486225996,9.081178894300928,0.018821105699071694
65,穿条纹睡衣的男孩 The Boy in the Striped Pajamas,9.2,8.867214126297837,0.0,0.3327858737021625,0.22700496699662498,9.094219093294463,0.10578090670553664
66,情书 Love Letter,8.9,9.345970272736778,0.0,-0.44597027273677803,-0.44597027273677803,8.9,0.0
67,哈利·波特与死亡圣器(下) Harry Potter and the Deathly Hallows: Part 2,9.0,8.880531311653339,-0.25982593237526164,0.11946868834666091,-0.05357009036248256,8.826961221290857,0.17303877870914341
68,"两杆大烟枪 Lock, Stock and Two Smoking Barrels",9.1,8.901651837275017,0.0,0.198348162724983,0.198348162724983,9.1,0.0
69,窃听风暴 Das Leben der Anderen,9.2,8.858318415521516,0.0,0.34168158447848285,0.34168158447848285,9.2,0.0
70,音乐之声 The Sound of Music,9.1,8.909284379829801,0.0,0.19071562017019872,0.07368557851796782,8.982969958347768,0.11703004165223163
71,功夫,8.9,9.350893714937875,0.0,-0.4508937149378749,-0.4066228888692913,8.944270826068584,-0.04427082606858335
72,西西里的美丽传说 Malèna,8.9,9.099928793354568,-0.12253947908116491,-0.1999287933545677,-0.1999287933545677,8.9,0.0
73,哈利·波特与阿兹卡班的囚徒 Harry Potter and the Prisoner of Azkaban,9.0,9.081676794473534,0.0,-0.08167679447353393,-0.1172655253929957,8.964411269080538,0.035588730919462463
74,阿凡达 Avatar,8.8,9.243579710484191,-0.21988607227501533,-0.4435797104841903,-0.4337302034838495,8.809849507000342,-0.009849507000341262
75,看不见的客人 Contratiempo,8.8,9.404037078240226,0.0,-0.6040370782402249,-0.6040370782402249,8.8,0.0
76,拯救大兵瑞恩 Saving Private Ryan,9.1,8.822511113703529,-0.12613312082420225,0.27748888629647084,0.23252507408670658,9.055036187790236,0.04496381220976353
77,沉默的羔羊 The Silence of the Lambs,8.9,9.171298851247968,0.0,-0.27129885124796793,-0.2077743561393257,8.963524495108643,-0.06352449510864311
78,小鞋子 بچه های آسمان,9.2,8.65076181694523,0.0,0.5492381830547686,0.5492381830547686,9.2,0.0
79,飞越疯人院 One Flew Over the Cuckoo's Nest,9.1,8.827771166122371,0.0,0.2722288338776284,0.2320027021465325,9.059773868268904,0.040226131731095904
80,布达佩斯大饭店 The Grand Budapest Hotel,8.9,9.214522469725212,0.0,-0.3145224697252118,-0.15076603266909377,9.063756437056119,-0.16375643705611864
81,蝴蝶效应 The Butterfly Effect,8.9,9.204925935728863,0.0,-0.3049259357288623,-0.3049259357288623,8.9,0.0
82,禁闭岛 Shutter Island,8.9,9.232386813910114,0.0,-0.33238681391011404,-0.18556791069595263,9.046818903214161,-0.1468189032141609
83,心灵捕手 Good Will Hunting,9.0,9.026139090019036,0.0,-0.02613909001903636,-0.03223677350081655,8.99390231651822,0.006097683481780081
84,致命魔术 The Prestige,8.9,8.932282429377759,-0.205971256229327,-0.032282429377758604,0.010320821457400799,8.942603250835159,-0.04260325083515859
85,低俗小说 Pulp Fiction,8.9,8.99050952360627,-0.14231828740722263,-0.09050952360627029,-0.0455494917993462,8.944960031806925,-0.04496003180692476
86,超脱 Detachment,9.0,8.943605668396803,0.0,0.0563943316031974,0.012744223944740025,8.956349892341542,0.04365010765845767
87,哈利·波特与密室 Harry Potter and the Chamber of Secrets,8.9,9.10065336396849,0.0,-0.20065336396848998,-0.123627917061719,8.97702544690677,-0.07702544690677016
88,还有明天 C'è ancora domani,9.3,8.445339380103766,0.0,0.8546606198962348,0.8546606198962348,9.3,0.0
89,喜剧之王 喜劇之王,8.8,9.221854075291025,0.0,-0.4218540752910247,-0.32285109826477887,8.899002977026246,-0.09900297702624528
90,摩登时代 Modern Times,9.3,8.457010142140858,0.0,0.842989857859143,0.9587404489866169,9.415750591127475,-0.11575059112747432
91,一一,9.1,8.698314993864942,0.0,0.4016850061350574,0.4016850061350574,9.1,0.0
92,杀人回忆 살인의 추억,8.9,9.041710073686854,0.0,-0.14171007368685373,-0.1462880455347634,8.89542202815209,0.0045779718479099785
93,致命ID Identity,8.9,9.12500400842591,0.0,-0.22500400842590906,-0.22500400842590906,8.9,0.0
94,春光乍泄 春光乍洩,9.0,8.754610809471371,-0.18138256950925102,0.24538919052862873,0.1163840485415237,8.870994858012894,0.1290051419871059
95,海豚湾 The Cove,9.3,8.528023524657748,0.0,0.7719764753422531,0.7719764753422531,9.3,0.0
96,加勒比海盗 Pirates of the Caribbean: The Curse of the Black Pearl,8.8,9.140657904823895,0.0,-0.34065790482389424,-0.2874262079456083,8.853231696878286,-0.053231696878285106
97,美国往事 Once Upon a Time in America,9.1,8.661668492708138,0.0,0.43833150729186166,0.3312499969686171,8.992918489676756,0.10708151032324409
98,红辣椒 パプリカ,9.0,9.231093987771795,0.4477313303929602,-0.23109398777179457,-0.175079588990791,9.056014398781004,-0.056014398781004004
99,七宗罪 Se7en,8.8,8.881258639322585,-0.3202687368270727,-0.08125863932258426,-0.05635141533263551,8.82490722398995,-0.024907223989949046
100,唐伯虎点秋香 唐伯虎點秋香,8.8,9.296425421789268,0.0,-0.49642542178926696,-0.3279516860234535,8.968473735765814,-0.16847373576581326
101,狩猎 Jagten,9.1,8.656638700008761,0.0,0.4433612999912384,0.4433612999912384,9.1,0.0
102,幽灵公主 もののけ姫,8.9,8.81499924210153,-0.07939022404076052,0.08500075789847017,0.12846984635988812,8.943469088461418,-0.043469088461417726
103,甜蜜蜜,8.9,8.895864004929045,0.0,0.00413599507095519,-0.0262825170148591,8.869581487914186,0.030418512085814697
104,蝙蝠侠：黑暗骑士崛起 The Dark Knight Rises,8.9,8.82003139473546,-0.205971256229327,0.07996860526453986,-0.015329704922040815,8.80470168981342,0.09529831018658008
105,寄生虫 기생충,8.8,9.45260817383722,0.0,-0.6526081738372191,-0.5294616206475374,8.923146553189682,-0.12314655318968093
106,天书奇谭,9.2,8.42863108781231,0.0,0.7713689121876897,0.768468590915116,9.197099678727426,0.0029003212725733363
107,7号房的礼物 7번방의 선물,8.9,8.848620575122467,0.0,0.051379424877533,0.051379424877533,8.9,0.0
108,超能陆战队 Big Hero 6,8.8,9.25213139305669,0.0,-0.45213139305668903,-0.45213139305668903,8.8,0.0
109,爱在黎明破晓前 Before Sunrise,8.8,9.027016484770662,0.01555828743533283,-0.22701648477066172,-0.09021729465782942,8.936799190112833,-0.13679919011283204
110,第六感 The Sixth Sense,8.9,8.862179187881354,0.0,0.037820812118646074,0.08543255306795583,8.94761174094931,-0.04761174094930887
111,爱在日落黄昏时 Before Sunset,8.9,8.893408685762362,0.01555828743533283,0.006591314237638812,0.02658660484632085,8.919995290608682,-0.01999529060868177
112,被嫌弃的松子的一生 嫌われ松子の一生,8.8,8.993855848256635,0.0,-0.19385584825663393,-0.10960814229676452,8.88424770595987,-0.08424770595986963
113,茶馆,9.6,8.106292801696638,0.0,1.4937071983033618,1.4937071983033618,9.6,0.0
114,重庆森林 重慶森林,8.8,8.928453060374542,-0.18138256950925102,-0.1284530603745413,-0.09082404353542241,8.83762901683912,-0.037629016839119345
115,未麻的部屋 Perfect Blue,9.1,9.037117868790233,0.4477313303929602,0.06288213120976671,0.05064219857944252,9.087760067369675,0.01223993263032419
116,哈利·波特与火焰杯 Harry Potter and the Goblet of Fire,8.8,9.012128186893802,0.0,-0.21212818689380164,-0.1264966227930469,8.885631564100755,-0.08563156410075479
117,入殓师 おくりびと,8.9,8.96862297598043,0.0,-0.06862297598043021,-0.06025981135403824,8.908363164626392,-0.00836316462639175
118,借东西的小人阿莉埃蒂 借りぐらしのアリエッティ,8.9,8.853523127448868,0.0,0.046476872551131976,-0.08094617669074755,8.77257695075812,0.1274230492418802
119,头脑特工队 Inside Out,8.8,8.71933430725906,-0.29281499063561345,0.08066569274093993,0.08066569274093993,8.8,0.0
120,菊次郎的夏天 菊次郎の夏,8.9,8.901717658969295,0.0,-0.0017176589692944333,-0.010080823595686406,8.891636835373609,0.00836316462639175
121,剪刀手爱德华 Edward Scissorhands,8.7,9.241441166956584,0.0,-0.5414411669565844,-0.38801437034922204,8.853426796607362,-0.1534267966073628
122,断背山 Brokeback Mountain,8.8,8.938657859217502,-0.06141160964108039,-0.13865785921750096,-0.14541217650420832,8.793245682713293,0.006754317286707945
123,勇敢的心 Braveheart,8.9,8.832872677538539,0.0,0.06712732246146125,0.0769228737812937,8.909795551319833,-0.009795551319832896
124,时空恋旅人 About Time,8.8,9.00488222126045,0.0,-0.20488222126044953,-0.23828484429819086,8.76659737696226,0.03340262303774111
125,消失的爱人 Gone Girl,8.7,8.889976762281172,-0.3202687368270727,-0.189976762281173,-0.16949705324840592,8.720479709032766,-0.020479709032766635
126,无人知晓 誰も知らない,9.1,8.670819698715652,0.16423181902069683,0.42918030128434737,0.42918030128434737,9.1,0.0
127,倩女幽魂,8.8,9.045300052113515,0.0,-0.2453000521135138,-0.1912110244080184,8.854089027705497,-0.05408902770549595
128,驯龙高手 How to Train Your Dragon,8.8,9.06479457527665,0.0,-0.2647945752766496,-0.2647945752766496,8.8,0.0
129,花样年华 花樣年華,8.8,8.833656811788389,-0.18138256950925102,-0.0336568117883882,-0.05032198509380505,8.783334826694583,0.016665173305417724
130,傲慢与偏见 Pride & Prejudice,8.7,9.112289611600067,0.0,-0.41228961160006783,-0.38423629931895215,8.728053312281116,-0.028053312281116405
131,新世界 신세계,8.9,8.73416674619648,0.0,0.16583325380351965,0.16583325380351965,8.9,0.0
132,完美的世界 A Perfect World,9.1,8.485688489796354,0.0,0.6143115102036454,0.613490983939035,9.09917947373539,0.0008205262646097111
133,阳光灿烂的日子,8.8,8.803753685040768,-0.11838542838339539,-0.0037536850407668965,-0.0037536850407668965,8.8,0.0
134,小森林 夏秋篇 リトル・フォレスト 夏・秋,9.0,8.667943742710733,0.0,0.3320562572892669,0.294164042256008,8.962107784966742,0.037892215033258125
135,一个叫欧维的男人决定去死 En man som heter Ove,8.9,8.78517658545603,0.0,0.11482341454397016,0.11482341454397016,8.9,0.0
136,天使爱美丽 Le Fabuleux destin d'Amélie Poulain,8.7,9.180569742073953,0.0,-0.4805697420739534,-0.4805697420739534,8.7,0.0
137,玩具总动员3 Toy Story 3,8.9,8.706670508059316,-0.10641306597997224,0.19332949194068405,0.1694055283198665,8.876076036379184,0.023923963620816835
138,"怪兽电力公司 Monsters, Inc.",8.8,8.589228519875176,-0.3992280566155857,0.2107714801248246,0.2107714801248246,8.8,0.0
139,色，戒,8.7,9.072839012941705,-0.06141160964108039,-0.3728390129417054,-0.23433315137550992,8.838505861566194,-0.1385058615661947
140,侧耳倾听 耳をすませば,8.9,8.730694676526296,0.0,0.1693053234737043,0.1536285594927529,8.88432323601905,0.015676763980950525
141,教父3 The Godfather: Part III,9.0,8.906546930156622,0.3029247868100162,0.09345306984337753,0.07066921792950143,8.977216148086123,0.022783851913876774
142,请以你的名字呼唤我 Call Me by Your Name,8.8,9.034065419950664,0.0,-0.23406541995066377,-0.23406541995066377,8.8,0.0
143,哪吒闹海,9.2,8.38044596810815,0.0,0.8195540318918493,0.771813907023435,9.152259875131586,0.0477401248684135
144,幸福终点站 The Terminal,8.8,8.742256467078024,-0.12613312082420225,0.05774353292197709,0.06771605905583626,8.80997252613386,-0.00997252613385946
145,九品芝麻官,8.8,9.008042843540343,0.0,-0.2080428435403423,-0.21594548238943767,8.792097361150905,0.007902638849095922
146,被解救的姜戈 Django Unchained,8.8,8.775233818330605,-0.14231828740722263,0.024766181669395593,-0.02883049465621472,8.746403323674391,0.053596676325609494
147,釜山行 부산행,8.6,9.362984178143282,0.0,-0.7629841781432827,-0.5437906505298074,8.819193527613475,-0.21919352761347533
148,小森林 冬春篇 リトル・フォレスト 冬・春,9.0,8.58900011381927,0.0,0.41099988618072913,0.294164042256008,8.88316415607528,0.11683584392472035
149,神偷奶爸 Despicable Me,8.7,9.194870017601918,0.0,-0.49487001760191873,-0.40917181288040405,8.785698204721514,-0.08569820472151513
150,萤火之森 蛍火の杜へ,8.8,8.835037329832828,0.0,-0.03503732983282681,-0.022797397202502623,8.812239932630325,-0.01223993263032419
151,喜宴 囍宴,9.0,8.539511363760955,-0.06141160964108039,0.46048863623904523,0.4425917623813955,8.98210312614235,0.01789687385764971
152,告白,8.8,8.967467865552646,0.0,-0.16746786555264492,-0.16746786555264492,8.8,0.0
153,玛丽和麦克斯 Mary and Max,9.0,8.663082890188608,0.0,0.33691710981139167,0.29953007259979847,8.962612962788407,0.037387037211592755
154,七武士 七人の侍,9.3,8.199057496003933,0.0,1.1009425039960679,0.905290415683639,9.104347911687572,0.19565208831242842
155,头号玩家 Ready Player One,8.6,9.314273722639905,-0.12613312082420225,-0.7142737226399056,-0.7142737226399056,8.6,0.0
156,模仿游戏 The Imitation Game,8.8,8.947281571002854,0.0,-0.14728157100285344,-0.18548026887104135,8.761801302131813,0.03819869786818764
157,大鱼 Big Fish,8.8,8.854740185976704,0.0,-0.05474018597670316,-0.05474018597670316,8.8,0.0
158,惊魂记 Psycho,9.0,8.473434550447825,0.0,0.5265654495521748,0.5265654495521748,9.0,0.0
159,射雕英雄传之东成西就 射鵰英雄傳之東成西就,8.7,8.634353591577248,-0.31019610254504393,0.06564640842275082,-0.01972162717661178,8.614631964400637,0.08536803559936246
160,血战钢锯岭 Hacksaw Ridge,8.7,9.064783654481463,0.0,-0.36478365448146377,-0.29801424210857963,8.766769412372884,-0.06676941237288503
161,你的名字。 君の名は。,8.5,9.472907521383904,0.0,-0.9729075213839042,-0.735612561819212,8.737294959564693,-0.23729495956469293
162,我是山姆 I Am Sam,9.0,8.514810056230376,0.0,0.4851899437696243,0.2631071709768542,8.77791722720723,0.22208277279277056
163,背靠背，脸对脸,9.5,8.013050838131097,0.0,1.4869491618689032,1.4869491618689032,9.5,0.0
164,阳光姐妹淘 써니,8.8,8.867719200077756,0.0,-0.06771920007775556,-0.06771920007775556,8.8,0.0
165,心灵奇旅 Soul,8.7,8.955511813852233,-0.29281499063561345,-0.25551181385223387,-0.2204770644120302,8.735034749440203,-0.03503474944020368
166,恐怖直播 더 테러 라이브,8.7,8.954017319979807,0.0,-0.25401731997980725,-0.25809299806190356,8.695924321917904,0.004075678082095635
167,黑客帝国3：矩阵革命 The Matrix Revolutions,8.8,8.700492593651605,0.0,0.09950740634839583,0.016081492495081506,8.716574086146686,0.08342591385331488
168,电锯惊魂 Saw,8.7,8.837156479533649,0.0,-0.1371564795336493,-0.1371564795336493,8.7,0.0
169,小丑 Joker,8.7,9.244032997188322,0.0,-0.5440329971883227,-0.28751651092807373,8.956516486260249,-0.25651648626024937
170,"三块广告牌 Three Billboards Outside Ebbing, Missouri",8.7,9.109050888019887,0.0,-0.40905088801988754,-0.40905088801988754,8.7,0.0
171,谍影重重3 The Bourne Ultimatum,8.9,8.66310289037883,0.0,0.23689710962116983,0.10260383621633495,8.765706726595166,0.13429327340483432
172,达拉斯买家俱乐部 Dallas Buyers Club,8.8,8.712076698499134,0.0,0.08792330150086691,0.07233391461852534,8.78441061311766,0.015589386882341572
173,疯狂原始人 The Croods,8.7,9.110278642978281,0.0,-0.4102786429782821,-0.3956313819756161,8.714647261002666,-0.014647261002666667
174,无间道2 無間道II,8.8,8.784564165341603,0.0,0.015435834658397596,-0.02135511706539265,8.763209048276211,0.03679095172378943
175,末路狂花 Thelma & Louise,9.0,8.448171216547935,0.0,0.5518287834520645,0.5518287834520645,9.0,0.0
176,绿里奇迹 The Green Mile,8.9,8.534016044629842,0.0,0.36598395537015804,0.2624424414148094,8.796458486044651,0.10354151395534927
177,爱在午夜降临前 Before Midnight,8.9,8.679574829466967,0.01555828743533283,0.22042517053303357,0.13350353299401824,8.813078362460985,0.0869216375390156
178,海街日记 海街diary,8.8,8.893932238801403,0.16423181902069683,-0.09393223880140233,-0.20380414912421507,8.690128089677188,0.10987191032281274
179,高山下的花环,9.5,7.918024974445548,0.0,1.5819750255544518,1.5819750255544518,9.5,0.0
180,疯狂的石头,8.6,9.112611237551004,0.0,-0.5126112375510044,-0.5126112375510044,8.6,0.0
181,风之谷 風の谷のナウシカ,8.9,8.467246534410187,-0.07939022404076052,0.43275346558981376,0.32128257401490967,8.788529108425097,0.11147089157490342
182,上帝之城 Cidade de Deus,9.0,8.435779532420954,0.0,0.5642204675790463,0.5642204675790463,9.0,0.0
183,雨中曲 Singin' in the Rain,9.1,8.285959303483343,0.0,0.8140406965166562,0.8140406965166562,9.1,0.0
184,2001太空漫游 2001: A Space Odyssey,8.9,8.541358490248728,0.0,0.35864150975127274,0.35864150975127274,8.9,0.0
185,英雄本色,8.6,8.832220795825235,0.0,-0.23222079582523492,-0.17379627096327133,8.658424524861964,-0.058424524861964144
186,心迷宫,8.7,8.840437967980984,0.0,-0.14043796798098462,-0.14043796798098462,8.7,0.0
187,记忆碎片 Memento,8.7,8.691820616057536,-0.205971256229327,0.008179383942463758,0.014867733611202305,8.706688349668738,-0.00668834966873888
188,纵横四海 縱橫四海,8.8,8.66920897519131,0.0,0.13079102480869054,0.007709639353691386,8.676918614545002,0.12308138545499858
189,机器人之梦 Robot Dreams,9.1,8.556614701027275,0.0,0.5433852989727246,0.5433852989727246,9.1,0.0
190,卢旺达饭店 Hotel Rwanda,8.9,8.499978033480744,0.0,0.40002196651925637,0.282015096055809,8.781993129536552,0.11800687046344827
191,无敌破坏王 Wreck-It Ralph,8.7,8.837464156744335,0.0,-0.1374641567443362,-0.1374641567443362,8.7,0.0
192,小偷家族 万引き家族,8.7,9.256840282012881,0.16423181902069683,-0.5568402820128817,-0.40211222305490174,8.85472805895798,-0.15472805895798025
193,恐怖游轮 Triangle,8.5,9.156011013627547,0.0,-0.6560110136275465,-0.6560110136275465,8.5,0.0
194,冰川时代 Ice Age,8.7,8.914373019803959,0.0,-0.2143730198039595,-0.2143730198039595,8.7,0.0
195,牯岭街少年杀人事件 牯嶺街少年殺人事件,8.9,8.49628562655201,0.0,0.40371437344798977,0.38392372558306964,8.880209352135081,0.019790647864919464
196,东京教父 東京ゴッドファーザーズ,9.0,8.782978797523766,0.4477313303929602,0.2170212024762339,0.12777798514643113,8.910756782670198,0.0892432173298019
197,魔女宅急便 魔女の宅急便,8.7,8.656108788373906,-0.07939022404076052,0.043891211626092996,0.10237601321503886,8.758484801588946,-0.05848480158894631
198,岁月神偷 歲月神偷,8.7,8.842631548173921,0.0,-0.14263154817392198,-0.14263154817392198,8.7,0.0
199,忠犬八公物语 ハチ公物語,9.2,8.15452616627067,0.0,1.0454738337293286,1.0454738337293286,9.2,0.0
200,芙蓉镇,9.3,8.05119409159347,0.0,1.2488059084065313,1.0409843974255086,9.092178489018979,0.20782151098102197
201,荒蛮故事 Relatos salvajes,8.7,8.724937085107532,0.0,-0.024937085107533008,-0.024937085107533008,8.7,0.0
202,遗愿清单 The Bucket List,8.7,8.749580219971138,0.0,-0.04958021997113882,-0.028663635432230126,8.720916584538909,-0.020916584538909433
203,大佛普拉斯,8.7,8.768958728898198,0.0,-0.06895872889819898,-0.06895872889819898,8.7,0.0
204,源代码 Source Code,8.6,9.113461379942137,0.0,-0.5134613799421377,-0.3608300331460206,8.752631346796116,-0.15263134679611667
205,疯狂的麦克斯4：狂暴之路 Mad Max: Fury Road,8.7,8.844491876990071,0.0,-0.14449187699007204,-0.12333015023859062,8.72116172675148,-0.021161726751481424
206,贫民窟的百万富翁 Slumdog Millionaire,8.6,9.024785863702675,0.0,-0.42478586370267557,-0.42478586370267557,8.6,0.0
207,你看起来好像很好吃 おまえうまそうだな,8.9,8.513644487509952,0.0,0.3863555124900486,0.34354747488205417,8.857191962392006,0.04280803760799401
208,花束般的恋爱 花束みたいな恋をした,8.6,9.028929517229546,0.0,-0.4289295172295464,-0.4289295172295464,8.6,0.0
209,可可西里,8.9,8.458652718102737,0.0,0.44134728189726324,0.44134728189726324,8.9,0.0
210,城市之光 City Lights,9.3,7.994007777630962,0.0,1.3059922223690386,1.1902416312415647,9.184249408872526,0.11575059112747432
211,东邪西毒 東邪西毒,8.6,8.683279318365692,-0.18138256950925102,-0.08327931836569213,-0.05695305887372251,8.62632625949197,-0.026326259491970205
212,波西米亚狂想曲 Bohemian Rhapsody,8.6,8.91715372467057,0.0,-0.31715372467057,-0.31715372467057,8.6,0.0
213,爆裂鼓手 Whiplash,8.6,8.917464462934642,0.0,-0.3174644629346428,-0.3174644629346428,8.6,0.0
214,白日梦想家 The Secret Life of Walter Mitty,8.6,8.864841127846327,0.0,-0.26484112784632785,-0.20560232377312504,8.659238804073203,-0.059238804073203255
215,青蛇,8.6,8.826902207223396,0.0,-0.2269022072233966,-0.18940448657485998,8.637497720648536,-0.037497720648536514
216,爱乐之城 La La Land,8.4,9.222677388254645,0.0,-0.822677388254645,-0.7273057722585665,8.49537161599608,-0.09537161599607913
217,哈利·波特与死亡圣器(上) Harry Potter and the Deathly Hallows: Part 1,8.6,8.660012479402482,-0.25982593237526164,-0.060012479402482555,-0.05357009036248256,8.60644238904,-0.006442389040000052
218,黑天鹅 Black Swan,8.6,9.055850603354363,0.0,-0.45585060335436367,-0.44692907649295477,8.608921526861408,-0.00892152686140868
219,终结者2：审判日 Terminator 2: Judgment Day,8.8,8.309274573009805,-0.21988607227501533,0.4907254269901955,0.4907254269901955,8.8,0.0
220,无耻混蛋 Inglourious Basterds,8.7,8.634256658063128,-0.14231828740722263,0.06574334193687115,0.06016786793284745,8.694424525995975,0.005575474004023917
221,大红灯笼高高挂,8.8,8.496428870103175,0.0,0.30357112989682555,0.21639197495968432,8.71282084506286,0.08717915493714123
222,初恋这件小事 สิ่งเล็กเล็กที่เรียกว่า...รัก,8.5,9.200621453324125,0.0,-0.7006214533241248,-0.7006214533241248,8.5,0.0
223,新龙门客栈 新龍門客棧,8.7,8.714426584795936,0.0,-0.014426584795936392,-0.03417342763860476,8.680253157157331,0.019746842842668144
224,人工智能 A.I. Artificial Intelligence,8.7,8.58038155797962,-0.12613312082420225,0.11961844202037852,0.10939373828266197,8.689775296262283,0.010224703737716112
225,雨人 Rain Man,8.7,8.625647520447142,0.0,0.07435247955285718,0.11080641403001978,8.736453934477161,-0.036453934477162164
226,崖上的波妞 崖の上のポニョ,8.6,8.716705048755868,-0.07939022404076052,-0.11670504875586829,-0.11670504875586829,8.6,0.0
227,虎口脱险 La grande vadrouille,8.9,8.353054495908355,0.0,0.5469455040916458,0.5469455040916458,8.9,0.0
228,千钧一发 Gattaca,8.8,8.463175986927988,0.0,0.3368240130720128,0.2224922654467248,8.685668252374713,0.11433174762528786
229,真爱至上 Love Actually,8.5,9.022026183633375,0.0,-0.5220261836333755,-0.379817344635377,8.642208838997998,-0.1422088389979983
230,罗生门 羅生門,8.8,8.481665849253648,0.0,0.3183341507463524,0.5139862390587813,8.99565208831243,-0.19565208831242842
231,哈利·波特与凤凰社 Harry Potter and the Order of the Phoenix,8.6,8.659456208944164,-0.25982593237526164,-0.059456208944164146,-0.1172655253929957,8.542190683551167,0.05780931644883225
232,恋恋笔记本 The Notebook,8.5,8.97210320556238,0.0,-0.47210320556238017,-0.48252235536117194,8.489580850201207,0.01041914979879266
233,彗星来的那一夜 Coherence,8.6,8.909060532096458,0.0,-0.3090605320964581,-0.3090605320964581,8.6,0.0
234,海边的曼彻斯特 Manchester by the Sea,8.6,8.876604590993534,0.0,-0.27660459099353396,-0.25936124952152984,8.617243341472005,-0.017243341472005014
235,火星救援 The Martian,8.5,9.040961766876658,0.0,-0.5409617668766575,-0.3236513606070709,8.717310406269586,-0.2173104062695863
236,黑客帝国2：重装上阵 The Matrix Reloaded,8.7,8.64172386573439,0.0,0.058276134265609514,0.016081492495081506,8.65780535822947,0.04219464177052856
237,奇迹男孩 Wonder,8.6,8.827963989912002,0.0,-0.22796398991200206,-0.18174278303373614,8.646221206878266,-0.046221206878266585
238,千年女优 千年女優,8.8,8.84880934591416,0.4477313303929602,-0.04880934591415986,-0.015580527365360641,8.8332288185488,-0.033228818548799666
239,步履不停 歩いても 歩いても,8.8,8.578407780470046,0.16423181902069683,0.22159221952995445,0.22159221952995445,8.8,0.0
240,战争之王 Lord of War,8.7,8.58070180968059,0.0,0.1192981903194088,0.049179225054879705,8.62988103473547,0.07011896526452865
241,萤火虫之墓 火垂るの墓,8.7,8.62027673213587,0.0,0.07972326786412864,0.07972326786412864,8.7,0.0
242,谍影重重2 The Bourne Supremacy,8.7,8.554508266979878,0.0,0.14549173302012086,0.0633046868965842,8.617812953876463,0.08218704612353633
243,蜘蛛侠：平行宇宙 Spider-Man: Into the Spider-Verse,8.6,8.978990764727756,0.0,-0.3789907647277566,-0.41706629625823877,8.561924468469517,0.03807553153048282
244,攻壳机动队 攻殻機動隊,9.0,8.144212540865853,0.0,0.855787459134147,0.855787459134147,9.0,0.0
245,冰雪奇缘 Frozen,8.5,9.03179844889877,0.0,-0.5317984488987708,-0.5317984488987708,8.5,0.0
246,血钻 Blood Diamond,8.7,8.592134514468402,0.0,0.10786548553159747,0.0550952214789185,8.64722973594732,0.05277026405267904
247,魂断蓝桥 Waterloo Bridge,8.8,8.388300190887414,0.0,0.4116998091125872,0.3970301079434768,8.78533029883089,0.014669701169109928
248,房间 Room,8.7,8.558194334885874,0.0,0.1418056651141253,0.09558445823585937,8.653778793121733,0.046221206878266585
249,隐藏人物 Hidden Figures,8.9,8.292252699913238,0.0,0.6077473000867624,0.6085678263513727,8.90082052626461,-0.0008205262646097111
250,小姐 아가씨,8.5,8.786622744636578,0.0,-0.28662274463657766,-0.28254706655448136,8.504075678082096,-0.004075678082095635
