name,bipartite,weighted_degree
弗兰克·德拉邦特,director,8
蒂姆·罗宾斯,actor,1
摩根·弗里曼,actor,3
鲍勃·冈顿,actor,1
威廉·赛德勒,actor,1
陈凯歌,director,4
张国荣,actor,7
张丰毅,actor,1
巩俐,actor,4
葛优,actor,3
詹姆斯·卡梅隆,director,12
莱昂纳多·迪卡普里奥,actor,6
凯特·温斯莱特,actor,1
比利·赞恩,actor,1
凯西·贝茨,actor,1
罗伯特·泽米吉斯,director,4
汤姆·汉克斯,actor,6
罗宾·怀特,actor,1
加里·辛尼斯,actor,1
麦凯尔泰·威廉逊,actor,1
宫崎骏,director,32
柊瑠美,actor,1
入野自由,actor,1
夏木真理,actor,1
菅原文太,actor,1
罗伯托·贝尼尼,actor,4
尼可莱塔·布拉斯基,actor,1
乔治·坎塔里尼,actor,1
朱斯蒂诺·杜拉诺,actor,1
克里斯托弗·诺兰,director,24
马修·麦康纳,actor,2
安妮·海瑟薇,actor,3
杰西卡·查斯坦,actor,2
麦肯吉·弗依,actor,1
吕克·贝松,director,4
让·雷诺,actor,1
娜塔莉·波特曼,actor,2
加里·奥德曼,actor,3
丹尼·爱罗,actor,1
约瑟夫·高登-莱维特,actor,2
艾利奥特·佩吉,actor,1
汤姆·哈迪,actor,3
彼得·威尔,director,8
金·凯瑞,actor,1
劳拉·琳妮,actor,2
艾德·哈里斯,actor,2
诺亚·艾默里奇,actor,1
史蒂文·斯皮尔伯格,director,24
连姆·尼森,actor,2
本·金斯利,actor,2
拉尔夫·费因斯,actor,2
卡罗琳·古多尔,actor,1
拉斯·霍尔斯道姆,director,4
理查·基尔,actor,1
莎拉·罗默尔,actor,1
琼·艾伦,actor,2
罗比·萨布莱特,actor,1
朱塞佩·托纳多雷,director,12
蒂姆·罗斯,actor,2
普路特·泰勒·文斯,actor,1
比尔·努恩,actor,1
克兰伦斯·威廉姆斯三世,actor,1
拜伦·霍华德,director,4
金妮弗·古德温,actor,3
杰森·贝特曼,actor,3
伊德瑞斯·艾尔巴,actor,3
珍妮·斯蕾特,actor,3
瑞奇·摩尔,director,8
杰拉德·布什,director,4
拉吉库马尔·希拉尼,director,4
阿米尔·汗,actor,2
卡琳娜·卡普尔,actor,1
马达范,actor,1
沙尔曼·乔希,actor,1
安德鲁·斯坦顿,director,4
本·贝尔特,actor,1
艾丽莎·奈特,actor,1
杰夫·格尔林,actor,1
佛莱德·威拉特,actor,1
克里斯托夫·巴哈蒂,director,4
让-巴蒂斯特·莫尼耶,actor,1
热拉尔·朱尼奥,actor,1
弗朗索瓦·贝莱昂,actor,1
凯德·麦拉德,actor,1
刘伟强,director,8
刘德华,actor,2
梁朝伟,actor,8
黄秋生,actor,4
曾志伟,actor,5
麦兆辉,director,8
比利·怀尔德,director,4
泰隆·鲍华,actor,1
玛琳·黛德丽,actor,1
查尔斯·劳顿,actor,1
埃尔莎·兰彻斯特,actor,1
刘镇伟,director,12
周星驰,actor,13
吴孟达,actor,5
朱茵,actor,1
蔡少芬,actor,1
黄东赫,director,4
孔刘,actor,2
郑裕美,actor,2
金贤秀,actor,1
郑仁絮,actor,1
奥利维埃·纳卡什,director,4
弗朗索瓦·克鲁塞,actor,2
奥玛·希,actor,2
安娜·勒尼,actor,2
奥德雷·弗勒罗,actor,2
埃里克·托莱达诺,director,4
李·昂克里奇,director,12
安东尼·冈萨雷斯,actor,2
盖尔·加西亚·贝纳尔,actor,2
本杰明·布拉特,actor,2
阿兰娜·乌巴赫,actor,2
阿德里安·莫利纳,director,4
弗朗西斯·福特·科波拉,director,12
马龙·白兰度,actor,1
阿尔·帕西诺,actor,4
詹姆斯·肯恩,actor,2
理查德·S·卡斯特尔诺,actor,1
加布里埃莱·穆奇诺,director,4
威尔·史密斯,actor,1
贾登·史密斯,actor,1
坦迪·牛顿,actor,1
布莱恩·豪威,actor,1
贝纳尔多·贝托鲁奇,director,4
尊龙,actor,1
陈冲,actor,2
邬君梅,actor,1
彼得·奥图尔,actor,1
克里斯·哥伦布,director,8
丹尼尔·雷德克里夫,actor,7
艾玛·沃森,actor,7
鲁伯特·格林特,actor,7
艾伦·瑞克曼,actor,1
日高范子,actor,1
坂本千夏,actor,1
糸井重里,actor,1
岛本须美,actor,2
张艺谋,director,8
姜武,actor,1
牛犇,actor,1
罗伯·莱纳,director,8
玛德琳·卡罗尔,actor,1
卡兰·麦克奥利菲,actor,1
瑞贝卡·德·莫妮,actor,1
安东尼·爱德华兹,actor,1
克里斯蒂安·贝尔,actor,3
希斯·莱杰,actor,2
艾伦·艾克哈特,actor,1
迈克尔·凯恩,actor,2
彼得·杰克逊,director,12
伊利亚·伍德,actor,3
西恩·奥斯汀,actor,3
维果·莫腾森,actor,3
奥兰多·布鲁姆,actor,3
文牧野,director,4
徐峥,actor,1
王传君,actor,1
周一围,actor,1
谭卓,actor,1
维克多·弗莱明,director,4
费雯·丽,actor,4
克拉克·盖博,actor,3
奥利维娅·德哈维兰,actor,3
托马斯·米切尔,actor,3
乔治·库克,director,4
山姆·伍德,director,4
彼特·道格特,director,16
爱德华·阿斯纳,actor,2
克里斯托弗·普卢默,actor,4
乔丹·长井,actor,2
鲍勃·彼德森,actor,5
姜文,actor,13
周润发,actor,3
刘嘉玲,actor,1
倍赏千惠子,actor,1
木村拓哉,actor,1
美轮明宏,actor,1
我修院达也,actor,1
西德尼·吕美特,director,4
亨利·方达,actor,1
马丁·鲍尔萨姆,actor,1
约翰·菲德勒,actor,1
李·科布,actor,1
李濬益,director,4
薛景求,actor,1
严志媛,actor,1
李来,actor,1
金海淑,actor,1
阿兰·葛斯彭纳,director,4
阿努克·斯特芬,actor,1
布鲁诺·冈茨,actor,1
昆林·艾格匹,actor,1
安娜·申茨,actor,1
克里斯托弗·沃肯,actor,1
马丁·辛,actor,1
田中真弓,actor,1
横泽启子,actor,1
初井言荣,actor,1
寺田农,actor,1
香川照之,actor,2
袁丁,actor,1
姜宏波,actor,1
涅提·蒂瓦里,director,4
法缇玛·萨那·纱卡,actor,1
桑亚·玛荷塔,actor,1
阿帕尔夏克提·库拉那,actor,1
李安,director,20
苏拉·沙玛,actor,1
伊尔凡·可汗,actor,1
拉菲·斯波,actor,1
阿迪勒·侯赛因,actor,1
罗曼·波兰斯基,director,4
阿德里安·布罗迪,actor,3
托马斯·克莱舒曼,actor,1
艾米莉娅·福克斯,actor,1
米哈乌·热布罗夫斯基,actor,1
多米尼克·莫纳汉,actor,1
罗宾·威廉姆斯,actor,2
罗伯特·肖恩·莱纳德,actor,1
伊桑·霍克,actor,5
乔西·查尔斯,actor,1
罗家英,actor,1
蓝洁瑛,actor,1
娜丁·拉巴基,director,4
赞恩·阿尔·拉菲亚,actor,1
约丹诺斯·希费罗,actor,1
博鲁瓦蒂夫·特雷杰·班科尔,actor,1
卡萨尔·艾尔·哈达德,actor,1
马丁·布莱斯特,director,4
克里斯·奥唐纳,actor,1
詹姆斯·瑞布霍恩,actor,1
加布里埃尔·安瓦尔,actor,1
彼得·法雷里,director,4
马赫沙拉·阿里,actor,4
琳达·卡德里尼,actor,1
塞巴斯蒂安·马尼斯科,actor,1
万籁鸣,director,4
邱岳峰,actor,4
富润生,actor,4
毕克,actor,6
尚华,actor,1
莉莉·沃卓斯基,director,12
基努·里维斯,actor,6
劳伦斯·菲什伯恩,actor,6
凯瑞-安·莫斯,actor,7
雨果·维文,actor,7
拉娜·沃卓斯基,director,12
伊恩·麦克莱恩,actor,1
威廉·惠勒,director,4
奥黛丽·赫本,actor,1
格利高里·派克,actor,1
埃迪·艾伯特,actor,1
哈特利·鲍尔,actor,1
罗伯特·杜瓦尔,actor,1
黛安·基顿,actor,2
罗伯特·德尼罗,actor,3
罗杰·阿勒斯,director,4
乔纳森·泰勒·托马斯,actor,2
马修·布罗德里克,actor,2
杰瑞米·艾恩斯,actor,2
詹姆斯·厄尔·琼斯,actor,2
罗伯·明可夫,director,4
菲利普·努瓦雷,actor,1
萨瓦特利·卡西欧,actor,1
雅克·贝汉,actor,1
马克·莱昂纳蒂,actor,1
郎雄,actor,2
杨贵媚,actor,1
吴倩莲,actor,1
王渝文,actor,1
杨宇硕,director,4
宋康昊,actor,3
金英爱,actor,1
吴达洙,actor,1
郭度沅,actor,1
大卫·芬奇,director,16
凯特·布兰切特,actor,1
布拉德·皮特,actor,4
朱莉娅·奥蒙德,actor,1
芳妮·A·钱勃丝,actor,1
爱德华·诺顿,actor,1
海伦娜·伯翰·卡特,actor,3
扎克·格雷尼尔,actor,1
朗·霍华德,director,4
罗素·克劳,actor,1
詹妮弗·康纳利,actor,2
马克·赫尔曼,director,4
阿萨·巴特菲尔德,actor,1
维拉·法米加,actor,2
卡拉·霍根,actor,1
祖萨·霍尔,actor,1
岩井俊二,director,4
中山美穗,actor,1
丰川悦司,actor,1
酒井美纪,actor,1
柏原崇,actor,1
大卫·叶茨,director,12
盖·里奇,director,4
杰森·弗莱明,actor,1
德克斯特·弗莱彻,actor,1
尼克·莫兰,actor,1
杰森·斯坦森,actor,1
弗洛里安·亨克尔·冯·多纳斯马尔克,director,4
乌尔里希·穆埃,actor,1
马蒂娜·格德克,actor,1
塞巴斯蒂安·科赫,actor,1
乌尔里希·图库尔,actor,1
罗伯特·怀斯,director,4
朱莉·安德鲁斯,actor,3
埃琳诺·帕克,actor,1
理查德·海顿,actor,1
元秋,actor,1
元华,actor,1
黄圣依,actor,1
莫妮卡·贝鲁奇,actor,1
朱塞佩·苏尔法罗,actor,1
Luciano Federico,actor,1
玛蒂尔德·皮亚纳,actor,1
阿方索·卡隆,director,4
萨姆·沃辛顿,actor,2
佐伊·索尔达娜,actor,1
西格妮·韦弗,actor,1
史蒂芬·朗,actor,1
奥里奥尔·保罗,director,4
马里奥·卡萨斯,actor,1
阿娜·瓦格纳,actor,1
何塞·科罗纳多,actor,1
巴巴拉·莱涅,actor,1
汤姆·塞兹摩尔,actor,1
爱德华·伯恩斯,actor,1
巴里·佩珀,actor,1
乔纳森·戴米,director,4
朱迪·福斯特,actor,1
安东尼·霍普金斯,actor,1
斯科特·格伦,actor,2
安东尼·希尔德,actor,1
马基德·马基迪,director,4
默罕默德·阿米尔·纳吉,actor,1
阿米尔·法拉赫·哈什米安,actor,1
巴哈丽·西迪奇,actor,1
纳菲丝·贾法-穆罕默迪,actor,1
米洛斯·福尔曼,director,4
杰克·尼科尔森,actor,2
路易丝·弗莱彻,actor,1
威廉·雷德菲尔德,actor,1
克里斯托弗·洛伊德,actor,1
韦斯·安德森,director,4
托尼·雷沃罗利,actor,1
威廉·达福,actor,1
埃里克·布雷斯,director,4
阿什顿·库彻,actor,2
梅洛拉·沃尔特斯,actor,2
艾米·斯马特,actor,2
埃尔登·亨森,actor,2
J·麦基·格鲁伯,director,4
马丁·斯科塞斯,director,4
马克·鲁法洛,actor,1
马克斯·冯·叙多夫,actor,1
格斯·范·桑特,director,4
马特·达蒙,actor,4
本·阿弗莱克,actor,2
斯特兰·斯卡斯加德,actor,1
休·杰克曼,actor,1
丽贝卡·豪尔,actor,1
昆汀·塔伦蒂诺,director,12
约翰·特拉沃尔塔,actor,1
乌玛·瑟曼,actor,2
阿曼达·普拉莫,actor,1
托尼·凯耶,director,4
马西娅·盖伊·哈登,actor,1
克里斯蒂娜·亨德里克斯,actor,1
汤姆·费尔顿,actor,1
宝拉·柯特莱西,actor,4
瓦莱里奥·马斯坦德雷亚,actor,1
罗马纳·马乔拉·韦尔加诺,actor,1
埃马努艾拉·法内利,actor,1
张柏芝,actor,2
莫文蔚,actor,2
李力持,director,8
查理·卓别林,actor,8
宝莲·高黛,actor,1
亨利·伯格曼,actor,2
蒂尼·桑福德,actor,1
杨德昌,director,8
吴念真,actor,1
李凯莉,actor,1
金燕玲,actor,1
张洋洋,actor,1
奉俊昊,director,8
金相庆,actor,1
金雷夏,actor,1
宋在浩,actor,1
詹姆斯·曼高德,director,4
约翰·库萨克,actor,1
雷·利奥塔,actor,1
阿曼达·皮特,actor,1
约翰·浩克斯,actor,1
王家卫,director,16
张震,actor,2
格利高里·戴顿,actor,1
路易·西霍尤斯,actor,4
瑞克·欧贝瑞,actor,1
哈迪·琼斯,actor,1
保罗·沃森,actor,1
戈尔·维宾斯基,director,4
约翰尼·德普,actor,2
杰弗里·拉什,actor,1
凯拉·奈特莉,actor,3
赛尔乔·莱昂内,director,4
詹姆斯·伍兹,actor,1
伊丽莎白·麦戈文,actor,1
乔·佩西,actor,1
今敏,director,16
林原惠美,actor,1
江守彻,actor,2
堀胜之祐,actor,1
古谷彻,actor,1
凯文·史派西,actor,1
格温妮斯·帕特洛,actor,1
陈百祥,actor,1
郑佩佩,actor,1
托马斯·温特伯格,director,4
麦斯·米科尔森,actor,1
托玛斯·博·拉森,actor,1
安妮卡·韦德科普,actor,1
拉丝·弗格斯托姆,actor,1
松田洋治,actor,2
石田百合子,actor,1
田中裕子,actor,1
小林薰,actor,1
陈可辛,director,4
黎明,actor,1
张曼玉,actor,4
杨恭如,actor,1
李善均,actor,1
赵汝贞,actor,1
崔宇植,actor,1
王树忱,director,8
丁建华,actor,2
苏秀,actor,2
程晓桦,actor,2
钱运达,director,4
李焕京,director,4
柳承龙,actor,1
朴信惠,actor,1
郑镇荣,actor,1
金正泰,actor,1
唐·霍尔,director,4
斯科特·安第斯,actor,2
瑞恩·波特,actor,2
丹尼尔·海尼,actor,2
T·J·米勒,actor,2
克里斯·威廉姆斯,director,4
理查德·林克莱特,director,12
朱莉·德尔佩,actor,3
安德莉亚·埃克特,actor,1
汉诺·波西尔,actor,1
M·奈特·沙马兰,director,4
布鲁斯·威利斯,actor,1
海利·乔·奥斯蒙,actor,2
托妮·科莱特,actor,2
奥莉维亚·威廉姆斯,actor,1
弗农·多布切夫,actor,1
路易丝·勒莫瓦纳·托雷斯,actor,1
中岛哲也,director,8
中谷美纪,actor,1
永山瑛太,actor,1
市川实日子,actor,1
谢添,director,4
于是之,actor,1
郑榕,actor,1
蓝天野,actor,1
英若诚,actor,1
林青霞,actor,4
金城武,actor,1
王菲,actor,1
岩男润子,actor,1
松本梨香,actor,1
辻亲八,actor,2
大仓正章,actor,1
迈克·内威尔,director,4
迈克尔·刚本,actor,1
泷田洋二郎,director,4
本木雅弘,actor,1
广末凉子,actor,1
山崎努,actor,1
吉行和子,actor,2
米林宏昌,director,4
志田未来,actor,1
神木隆之介,actor,2
树木希林,actor,1
三浦友和,actor,1
艾米·波勒,actor,2
菲利丝·史密斯,actor,2
理查德·坎德,actor,2
比尔·哈德尔,actor,2
罗纳尔多·德尔·卡门,director,4
北野武,actor,4
关口雄介,actor,1
岸本加世子,actor,1
蒂姆·波顿,director,8
薇诺娜·瑞德,actor,1
黛安·韦斯特,actor,2
安东尼·迈克尔·豪尔,actor,1
杰克·吉伦哈尔,actor,2
米歇尔·威廉姆斯,actor,2
梅尔·吉布森,director,8
苏菲·玛索,actor,1
布莱恩·考克斯,actor,2
詹姆斯·科兹莫,actor,1
理查德·柯蒂斯,director,8
多姆纳尔·格里森,actor,1
瑞秋·麦克亚当斯,actor,2
比尔·奈伊,actor,1
莉迪亚·威尔逊,actor,1
裴淳华,actor,1
尼尔·帕特里克·哈里斯,actor,1
凯莉·库恩,actor,1
是枝裕和,director,16
柳乐优弥,actor,1
北浦爱,actor,1
木村飞影,actor,1
清水萌萌子,actor,1
程小东,director,4
王祖贤,actor,2
午马,actor,1
刘兆铭,actor,1
迪恩·戴布洛伊,director,4
杰伊·巴鲁切尔,actor,2
杰拉德·巴特勒,actor,2
克雷格·费格森,actor,2
亚美莉卡·费雷拉,actor,2
克里斯·桑德斯,director,8
潘迪华,actor,1
雷震,actor,1
乔·赖特,director,4
马修·麦克费登,actor,1
唐纳德·萨瑟兰,actor,1
布兰达·布莱斯,actor,1
朴勋政,director,4
李政宰,actor,1
崔岷植,actor,1
黄政民,actor,1
宋智孝,actor,1
克林特·伊斯特伍德,actor,4
凯文·科斯特纳,actor,2
劳拉·邓恩,actor,1
T·J·劳瑟,actor,1
夏雨,actor,1
宁静,actor,1
陶虹,actor,1
耿乐,actor,1
森淳一,director,8
桥本爱,actor,2
三浦贵大,actor,2
松冈茉优,actor,3
温水洋一,actor,2
汉内斯·赫尔姆,director,4
罗夫·拉斯加德,actor,1
巴哈·帕斯,actor,1
托比亚斯·阿姆博瑞,actor,1
菲利普·伯格,actor,1
让-皮埃尔·热内,director,4
奥黛丽·塔图,actor,1
马修·卡索维茨,actor,1
吕菲斯,actor,1
洛莱拉·克拉沃塔,actor,1
蒂姆·艾伦,actor,1
琼·库萨克,actor,1
尼德·巴蒂,actor,1
约翰·古德曼,actor,3
比利·克里斯托,actor,3
玛丽·吉布斯,actor,3
史蒂夫·布西密,actor,3
大卫·西尔弗曼,director,4
汤唯,actor,1
王力宏,actor,1
近藤喜文,director,4
本名阳子,actor,1
小林桂树,actor,1
高山南,actor,2
高桥一生,actor,1
塔莉娅·夏尔,actor,1
安迪·加西亚,actor,1
卢卡·瓜达尼诺,director,4
艾米·汉莫,actor,1
提莫西·查拉梅,actor,1
迈克尔·斯图巴,actor,1
阿蜜拉·卡萨,actor,1
梁正晖,actor,3
严定宪,director,4
徐景达,director,4
凯瑟琳·泽塔-琼斯,actor,1
斯坦利·图齐,actor,1
齐·麦克布赖德,actor,1
王晶,director,4
张敏,actor,1
徐锦江,actor,1
杰米·福克斯,actor,3
克里斯托弗·瓦尔兹,actor,2
塞缪尔·杰克逊,actor,1
延尚昊,director,4
马东锡,actor,1
金秀安,actor,1
皮埃尔·柯芬,director,4
史蒂夫·卡瑞尔,actor,2
杰森·席格尔,actor,2
拉塞尔·布兰德,actor,2
克里斯·雷纳德,director,4
大森贵弘,director,4
佐仓绫音,actor,1
内山昂辉,actor,1
山本兼平,actor,1
赵文瑄,actor,1
归亚蕾,actor,1
金素梅,actor,1
松隆子,actor,1
冈田将生,actor,1
木村佳乃,actor,1
西井幸人,actor,1
亚当·艾略特,director,4
菲利普·塞默·霍夫曼,actor,1
巴瑞·哈姆弗莱斯,actor,1
艾瑞克·巴纳,actor,1
黑泽明,director,8
三船敏郎,actor,2
志村乔,actor,2
津岛惠子,actor,1
岛崎雪子,actor,1
泰伊·谢里丹,actor,1
奥利维亚·库克,actor,1
本·门德尔森,actor,1
马克·里朗斯,actor,1
莫滕·泰杜姆,director,4
本尼迪克特·康伯巴奇,actor,1
马修·古迪,actor,1
罗里·金尼尔,actor,1
伊万·麦克格雷格,actor,1
阿尔伯特·芬尼,actor,1
比利·克鲁德普,actor,1
杰西卡·兰格,actor,1
阿尔弗雷德·希区柯克,director,4
安东尼·博金斯,actor,1
维拉·迈尔斯,actor,1
约翰·加文,actor,1
珍妮特·利,actor,1
叶玉卿,actor,1
安德鲁·加菲尔德,actor,1
文斯·沃恩,actor,1
新海诚,director,4
上白石萌音,actor,1
长泽雅美,actor,2
市原悦子,actor,1
杰茜·尼尔森,director,4
西恩·潘,actor,2
达科塔·范宁,actor,1
米歇尔·菲佛,actor,1
黄建新,director,4
牛振华,actor,2
雷恪生,actor,2
李强,actor,2
句号,actor,2
杨亚洲,director,4
姜炯哲,director,4
沈恩敬,actor,1
闵孝琳,actor,1
姜素拉,actor,1
南宝拉,actor,1
蒂娜·菲,actor,2
菲利西亚·拉斯海德,actor,2
阿米尔-卡利布·汤普森,actor,2
凯普·鲍尔斯,director,4
金秉祐,director,4
河正宇,actor,2
李璟荣,actor,1
全慧珍,actor,1
李大卫,actor,1
温子仁,director,4
雷·沃纳尔,actor,1
加利·艾尔维斯,actor,1
丹尼·格洛弗,actor,1
梁振邦,actor,1
托德·菲利普斯,director,4
华金·菲尼克斯,actor,2
马克·马龙,actor,1
莎姬·贝兹,actor,1
马丁·麦克唐纳,director,4
弗兰西斯·麦克多蒙德,actor,1
伍迪·哈里森,actor,1
山姆·洛克威尔,actor,1
艾比·考尼什,actor,1
保罗·格林格拉斯,director,8
朱丽娅·斯蒂尔斯,actor,1
大卫·斯特雷泽恩,actor,1
让-马克·瓦雷,director,4
詹妮弗·加纳,actor,1
杰瑞德·莱托,actor,2
史蒂夫·扎恩,actor,1
柯克·德·米科,director,4
尼古拉斯·凯奇,actor,3
艾玛·斯通,actor,3
瑞安·雷诺兹,actor,2
凯瑟琳·基纳,actor,2
陈冠希,actor,2
余文乐,actor,2
雷德利·斯科特,director,8
吉娜·戴维斯,actor,1
苏珊·萨兰登,actor,1
哈威·凯特尔,actor,1
迈克尔·马德森,actor,1
大卫·摩斯,actor,1
迈克·克拉克·邓肯,actor,1
邦妮·亨特,actor,2
肖姆斯·戴维-菲茨帕特里克,actor,1
詹妮弗·普里尔,actor,1
绫濑遥,actor,1
夏帆,actor,1
广濑铃,actor,1
谢晋,director,8
吕晓禾,actor,1
唐国强,actor,1
何伟,actor,1
童超,actor,1
宁浩,director,4
郭涛,actor,1
刘桦,actor,1
连晋,actor,1
黄渤,actor,1
榊原良子,actor,1
辻村真人,actor,1
费尔南多·梅里尔斯,director,4
亚历桑德雷·罗德里格斯,actor,2
莱安德鲁·菲尔米诺,actor,2
菲利佩·哈根森,actor,2
道格拉斯·席尔瓦,actor,2
卡蒂亚·伦德,director,4
斯坦利·多南,director,4
吉恩·凯利,actor,5
唐纳德·奥康纳,actor,2
黛比·雷诺斯,actor,2
简·哈根,actor,2
斯坦利·库布里克,director,4
凯尔·杜拉,actor,1
加里·洛克伍德,actor,1
威廉姆·西尔维斯特,actor,1
丹尼尔·里希特,actor,1
吴宇森,director,8
狄龙,actor,1
朱宝意,actor,1
忻钰坤,director,4
霍卫民,actor,1
王笑天,actor,1
罗芸,actor,1
杨瑜珍,actor,1
盖·皮尔斯,actor,1
乔·潘托里亚诺,actor,1
小马克·布恩,actor,1
钟楚红,actor,1
朱江,actor,1
巴勃罗·贝格尔,director,4
伊万·拉班达,actor,1
阿尔伯特·特里佛·塞加拉,actor,1
拉法·卡尔沃,actor,1
何塞·加西亚·托斯,actor,1
特瑞·乔治,director,4
唐·钱德尔,actor,1
苏菲·奥康内多,actor,1
尼克·诺特,actor,1
约翰·C·赖利,actor,1
萨拉·西尔弗曼,actor,1
杰克·麦克布瑞尔,actor,1
简·林奇,actor,1
中川雅也,actor,1
安藤樱,actor,1
城桧吏,actor,1
克里斯托弗·史密斯,director,4
梅利莎·乔治,actor,1
迈克尔·多曼,actor,1
利亚姆·海姆斯沃斯,actor,1
瑞秋·卡帕尼,actor,1
卡洛斯·沙尔丹哈,director,4
雷·罗马诺,actor,2
约翰·雷吉扎莫,actor,2
丹尼斯·利瑞,actor,2
杰克·布莱克,actor,2
克里斯·韦奇,director,4
杨静怡,actor,1
张国柱,actor,1
王启赞,actor,1
梅垣义明,actor,1
冈本绫,actor,1
饭塚昭三,actor,2
佐久间玲,actor,1
户田惠子,actor,1
山口胜平,actor,2
罗启锐,director,4
吴君如,actor,1
任达华,actor,1
钟绍图,actor,1
李治廷,actor,1
神山征二郎,director,4
仲代达矢,actor,1
八千草薰,actor,1
柳叶敏郎,actor,1
尾美利德,actor,1
刘晓庆,actor,1
郑在石,actor,1
张光北,actor,1
达米安·斯兹弗隆,director,4
达里奥·格兰迪内蒂,actor,1
玛丽娅·玛努尔,actor,1
莫妮卡·比利亚,actor,1
丽塔·科尔泰塞,actor,1
西恩·海耶斯,actor,1
贝弗利·陶德,actor,1
黄信尧,director,4
庄益增,actor,1
陈竹升,actor,1
戴立忍,actor,1
张少怀,actor,1
邓肯·琼斯,director,4
米歇尔·莫纳汉,actor,1
杰弗里·怀特,actor,1
乔治·米勒,director,4
查理兹·塞隆,actor,1
尼古拉斯·霍尔特,actor,1
休·基斯-拜恩,actor,1
丹尼·博伊尔,director,4
戴夫·帕特尔,actor,2
沙鲁巴·舒克拉,actor,2
亚尼·卡普尔,actor,2
拉詹德拉纳斯·祖特施,actor,2
洛芙琳·坦丹,director,4
藤森雅也,director,4
爱河里花子,actor,1
加藤清史郎,actor,1
原田知世,actor,1
土井裕泰,director,4
菅田将晖,actor,1
有村架纯,actor,1
细田佳央太,actor,1
清原果耶,actor,1
陆川,director,4
多布杰,actor,1
张垒,actor,1
奇道,actor,1
赵雪莹,actor,1
弗吉尼亚·切瑞尔,actor,1
佛罗伦斯·李,actor,1
张学友,actor,1
布莱恩·辛格,director,4
拉米·马雷克,actor,1
本·哈迪,actor,1
约瑟夫·梅泽罗,actor,1
格威利姆·李,actor,1
达米恩·查泽雷,director,8
迈尔斯·特勒,actor,1
J·K·西蒙斯,actor,1
保罗·雷瑟,actor,1
梅莉莎·班诺伊,actor,1
本·斯蒂勒,actor,4
克里斯汀·韦格,actor,2
亚当·斯科特,actor,1
徐克,director,4
赵文卓,actor,1
吴兴国,actor,1
瑞恩·高斯林,actor,2
约翰·传奇,actor,1
罗丝玛丽·德薇特,actor,1
达伦·阿伦诺夫斯基,director,4
米拉·库尼斯,actor,1
文森特·卡塞尔,actor,1
芭芭拉·赫希,actor,1
阿诺·施瓦辛格,actor,1
琳达·汉密尔顿,actor,1
爱德华·福隆,actor,1
罗伯特·帕特里克,actor,1
梅拉尼·罗兰,actor,1
伊莱·罗斯,actor,1
马精武,actor,1
何赛飞,actor,1
曹翠芬,actor,1
普特鹏·普罗萨卡·那·萨克那卡林,director,4
平采娜·乐维瑟派布恩,actor,2
马里奥·毛瑞尔,actor,2
苏达拉·布查蓬,actor,2
雅尼卡·桑普蕾舞,actor,2
华森·波克彭,director,4
李惠民,director,4
梁家辉,actor,1
甄子丹,actor,1
弗兰西丝·奥康纳,actor,1
山姆·洛巴兹,actor,1
杰克·托马斯,actor,1
巴瑞·莱文森,director,4
达斯汀·霍夫曼,actor,1
汤姆·克鲁斯,actor,1
瓦莱丽亚·戈利诺,actor,1
神月柚莉爱,actor,1
土井洋辉,actor,1
山口智子,actor,1
长岛一茂,actor,1
热拉尔·乌里,director,4
路易·德·菲奈斯,actor,1
布尔维尔,actor,1
克劳迪奥·布鲁克,actor,1
安德丽·帕里西,actor,1
安德鲁·尼科尔,director,8
裘德·洛,actor,1
艾伦·阿金,actor,1
休·格兰特,actor,1
科林·费尔斯,actor,1
京町子,actor,1
森雅之,actor,1
尼克·卡萨维蒂,director,4
吉娜·罗兰兹,actor,1
詹姆斯·加纳,actor,1
詹姆斯·沃德·布柯特,director,4
艾米丽·芭尔多尼,actor,1
莫瑞·史特林,actor,1
尼古拉斯·布兰登,actor,1
劳伦·斯卡法莉娅,actor,1
肯尼思·洛纳根,director,4
卡西·阿弗莱克,actor,1
卢卡斯·赫奇斯,actor,1
C·J·威尔逊,actor,1
杰夫·丹尼尔斯,actor,1
斯蒂芬·卓博斯基,director,4
雅各布·特伦布莱,actor,2
朱莉娅·罗伯茨,actor,1
伊扎贝拉·维多维奇,actor,1
欧文·威尔逊,actor,1
庄司美代子,actor,1
小山茉美,actor,1
折笠富美子,actor,1
阿部宽,actor,1
夏川结衣,actor,1
江原由希子,actor,1
高桥和也,actor,1
布里吉特·莫伊纳汉,actor,1
伊安·霍姆,actor,1
高畑勋,director,4
辰己努,actor,1
白石绫乃,actor,1
志乃原良子,actor,1
山口朱美,actor,1
卡尔·厄本,actor,1
鲍勃·佩尔西凯蒂,director,4
沙梅克·摩尔,actor,3
杰克·约翰逊,actor,3
海莉·斯坦菲尔德,actor,3
彼得·拉姆齐,director,4
罗德尼·罗斯曼,director,4
押井守,director,4
田中敦子,actor,1
大塚明夫,actor,1
山寺宏一,actor,1
大木民夫,actor,1
克里斯·巴克,director,4
克里斯汀·贝尔,actor,2
伊迪娜·门泽尔,actor,2
乔纳森·格罗夫,actor,2
乔什·加德,actor,2
珍妮弗·李,director,4
爱德华·兹威克,director,4
杰曼·翰苏,actor,1
阿诺德·沃斯洛,actor,1
茂文·勒鲁瓦,director,4
罗伯特·泰勒,actor,1
露塞尔·沃特森,actor,1
弗吉尼亚·菲尔德,actor,1
伦尼·阿伯拉罕森,director,4
布丽·拉尔森,actor,1
肖恩·布里吉格斯,actor,1
温迪·古逊,actor,1
西奥多·梅尔菲,director,4
塔拉吉·P·汉森,actor,1
奥克塔维亚·斯宾瑟,actor,1
加奈儿·梦奈,actor,1
朴赞郁,director,4
金敏喜,actor,1
金泰梨,actor,1
赵震雄,actor,1
