u,v,weight
弗兰克·德拉邦特,蒂姆·罗宾斯,1
弗兰克·德拉邦特,摩根·弗里曼,1
弗兰克·德拉邦特,鲍勃·冈顿,1
弗兰克·德拉邦特,威廉·赛德勒,1
弗兰克·德拉邦特,汤姆·汉克斯,1
弗兰克·德拉邦特,大卫·摩斯,1
弗兰克·德拉邦特,迈克·克拉克·邓肯,1
弗兰克·德拉邦特,邦妮·亨特,1
摩根·弗里曼,大卫·芬奇,1
摩根·弗里曼,罗伯·莱纳,1
陈凯歌,张国荣,1
陈凯歌,张丰毅,1
陈凯歌,巩俐,1
陈凯歌,葛优,1
张国荣,王家卫,2
张国荣,程小东,1
张国荣,刘镇伟,1
张国荣,吴宇森,2
巩俐,张艺谋,2
巩俐,李力持,1
葛优,张艺谋,1
葛优,姜文,1
詹姆斯·卡梅隆,莱昂纳多·迪卡普里奥,1
詹姆斯·卡梅隆,凯特·温斯莱特,1
詹姆斯·卡梅隆,比利·赞恩,1
詹姆斯·卡梅隆,凯西·贝茨,1
詹姆斯·卡梅隆,萨姆·沃辛顿,1
詹姆斯·卡梅隆,佐伊·索尔达娜,1
詹姆斯·卡梅隆,西格妮·韦弗,1
詹姆斯·卡梅隆,史蒂芬·朗,1
詹姆斯·卡梅隆,阿诺·施瓦辛格,1
詹姆斯·卡梅隆,琳达·汉密尔顿,1
詹姆斯·卡梅隆,爱德华·福隆,1
詹姆斯·卡梅隆,罗伯特·帕特里克,1
莱昂纳多·迪卡普里奥,克里斯托弗·诺兰,1
莱昂纳多·迪卡普里奥,史蒂文·斯皮尔伯格,1
莱昂纳多·迪卡普里奥,马丁·斯科塞斯,1
莱昂纳多·迪卡普里奥,昆汀·塔伦蒂诺,1
莱昂纳多·迪卡普里奥,爱德华·兹威克,1
罗伯特·泽米吉斯,汤姆·汉克斯,1
罗伯特·泽米吉斯,罗宾·怀特,1
罗伯特·泽米吉斯,加里·辛尼斯,1
罗伯特·泽米吉斯,麦凯尔泰·威廉逊,1
汤姆·汉克斯,史蒂文·斯皮尔伯格,3
汤姆·汉克斯,李·昂克里奇,1
宫崎骏,柊瑠美,1
宫崎骏,入野自由,1
宫崎骏,夏木真理,1
宫崎骏,菅原文太,1
宫崎骏,日高范子,1
宫崎骏,坂本千夏,1
宫崎骏,糸井重里,1
宫崎骏,岛本须美,2
宫崎骏,倍赏千惠子,1
宫崎骏,木村拓哉,1
宫崎骏,美轮明宏,1
宫崎骏,我修院达也,1
宫崎骏,田中真弓,1
宫崎骏,横泽启子,1
宫崎骏,初井言荣,1
宫崎骏,寺田农,1
宫崎骏,松田洋治,2
宫崎骏,石田百合子,1
宫崎骏,田中裕子,1
宫崎骏,小林薰,1
宫崎骏,榊原良子,1
宫崎骏,辻村真人,1
宫崎骏,高山南,1
宫崎骏,佐久间玲,1
宫崎骏,户田惠子,1
宫崎骏,山口胜平,1
宫崎骏,神月柚莉爱,1
宫崎骏,土井洋辉,1
宫崎骏,山口智子,1
宫崎骏,长岛一茂,1
罗伯托·贝尼尼,罗伯托·贝尼尼,1
罗伯托·贝尼尼,尼可莱塔·布拉斯基,1
罗伯托·贝尼尼,乔治·坎塔里尼,1
罗伯托·贝尼尼,朱斯蒂诺·杜拉诺,1
克里斯托弗·诺兰,马修·麦康纳,1
克里斯托弗·诺兰,安妮·海瑟薇,2
克里斯托弗·诺兰,杰西卡·查斯坦,1
克里斯托弗·诺兰,麦肯吉·弗依,1
克里斯托弗·诺兰,约瑟夫·高登-莱维特,2
克里斯托弗·诺兰,艾利奥特·佩吉,1
克里斯托弗·诺兰,汤姆·哈迪,2
克里斯托弗·诺兰,克里斯蒂安·贝尔,3
克里斯托弗·诺兰,希斯·莱杰,1
克里斯托弗·诺兰,艾伦·艾克哈特,1
克里斯托弗·诺兰,迈克尔·凯恩,2
克里斯托弗·诺兰,休·杰克曼,1
克里斯托弗·诺兰,丽贝卡·豪尔,1
克里斯托弗·诺兰,盖·皮尔斯,1
克里斯托弗·诺兰,凯瑞-安·莫斯,1
克里斯托弗·诺兰,乔·潘托里亚诺,1
克里斯托弗·诺兰,小马克·布恩,1
马修·麦康纳,让-马克·瓦雷,1
安妮·海瑟薇,李安,1
杰西卡·查斯坦,雷德利·斯科特,1
吕克·贝松,让·雷诺,1
吕克·贝松,娜塔莉·波特曼,1
吕克·贝松,加里·奥德曼,1
吕克·贝松,丹尼·爱罗,1
娜塔莉·波特曼,达伦·阿伦诺夫斯基,1
加里·奥德曼,阿方索·卡隆,1
加里·奥德曼,大卫·叶茨,1
汤姆·哈迪,乔治·米勒,1
彼得·威尔,金·凯瑞,1
彼得·威尔,劳拉·琳妮,1
彼得·威尔,艾德·哈里斯,1
彼得·威尔,诺亚·艾默里奇,1
彼得·威尔,罗宾·威廉姆斯,1
彼得·威尔,罗伯特·肖恩·莱纳德,1
彼得·威尔,伊桑·霍克,1
彼得·威尔,乔西·查尔斯,1
劳拉·琳妮,理查德·柯蒂斯,1
艾德·哈里斯,朗·霍华德,1
史蒂文·斯皮尔伯格,连姆·尼森,1
史蒂文·斯皮尔伯格,本·金斯利,1
史蒂文·斯皮尔伯格,拉尔夫·费因斯,1
史蒂文·斯皮尔伯格,卡罗琳·古多尔,1
史蒂文·斯皮尔伯格,克里斯托弗·沃肯,1
史蒂文·斯皮尔伯格,马丁·辛,1
史蒂文·斯皮尔伯格,汤姆·塞兹摩尔,1
史蒂文·斯皮尔伯格,爱德华·伯恩斯,1
史蒂文·斯皮尔伯格,巴里·佩珀,1
史蒂文·斯皮尔伯格,凯瑟琳·泽塔-琼斯,1
史蒂文·斯皮尔伯格,斯坦利·图齐,1
史蒂文·斯皮尔伯格,齐·麦克布赖德,1
史蒂文·斯皮尔伯格,泰伊·谢里丹,1
史蒂文·斯皮尔伯格,奥利维亚·库克,1
史蒂文·斯皮尔伯格,本·门德尔森,1
史蒂文·斯皮尔伯格,马克·里朗斯,1
史蒂文·斯皮尔伯格,海利·乔·奥斯蒙,1
史蒂文·斯皮尔伯格,弗兰西丝·奥康纳,1
史蒂文·斯皮尔伯格,山姆·洛巴兹,1
史蒂文·斯皮尔伯格,杰克·托马斯,1
连姆·尼森,理查德·柯蒂斯,1
本·金斯利,马丁·斯科塞斯,1
拉尔夫·费因斯,韦斯·安德森,1
拉斯·霍尔斯道姆,理查·基尔,1
拉斯·霍尔斯道姆,莎拉·罗默尔,1
拉斯·霍尔斯道姆,琼·艾伦,1
拉斯·霍尔斯道姆,罗比·萨布莱特,1
琼·艾伦,保罗·格林格拉斯,1
朱塞佩·托纳多雷,蒂姆·罗斯,1
朱塞佩·托纳多雷,普路特·泰勒·文斯,1
朱塞佩·托纳多雷,比尔·努恩,1
朱塞佩·托纳多雷,克兰伦斯·威廉姆斯三世,1
朱塞佩·托纳多雷,菲利普·努瓦雷,1
朱塞佩·托纳多雷,萨瓦特利·卡西欧,1
朱塞佩·托纳多雷,雅克·贝汉,1
朱塞佩·托纳多雷,马克·莱昂纳蒂,1
朱塞佩·托纳多雷,莫妮卡·贝鲁奇,1
朱塞佩·托纳多雷,朱塞佩·苏尔法罗,1
朱塞佩·托纳多雷,Luciano Federico,1
朱塞佩·托纳多雷,玛蒂尔德·皮亚纳,1
蒂姆·罗斯,昆汀·塔伦蒂诺,1
拜伦·霍华德,金妮弗·古德温,1
拜伦·霍华德,杰森·贝特曼,1
拜伦·霍华德,伊德瑞斯·艾尔巴,1
拜伦·霍华德,珍妮·斯蕾特,1
金妮弗·古德温,瑞奇·摩尔,1
金妮弗·古德温,杰拉德·布什,1
杰森·贝特曼,瑞奇·摩尔,1
杰森·贝特曼,杰拉德·布什,1
伊德瑞斯·艾尔巴,瑞奇·摩尔,1
伊德瑞斯·艾尔巴,杰拉德·布什,1
珍妮·斯蕾特,瑞奇·摩尔,1
珍妮·斯蕾特,杰拉德·布什,1
瑞奇·摩尔,约翰·C·赖利,1
瑞奇·摩尔,萨拉·西尔弗曼,1
瑞奇·摩尔,杰克·麦克布瑞尔,1
瑞奇·摩尔,简·林奇,1
拉吉库马尔·希拉尼,阿米尔·汗,1
拉吉库马尔·希拉尼,卡琳娜·卡普尔,1
拉吉库马尔·希拉尼,马达范,1
拉吉库马尔·希拉尼,沙尔曼·乔希,1
阿米尔·汗,涅提·蒂瓦里,1
安德鲁·斯坦顿,本·贝尔特,1
安德鲁·斯坦顿,艾丽莎·奈特,1
安德鲁·斯坦顿,杰夫·格尔林,1
安德鲁·斯坦顿,佛莱德·威拉特,1
克里斯托夫·巴哈蒂,让-巴蒂斯特·莫尼耶,1
克里斯托夫·巴哈蒂,热拉尔·朱尼奥,1
克里斯托夫·巴哈蒂,弗朗索瓦·贝莱昂,1
克里斯托夫·巴哈蒂,凯德·麦拉德,1
刘伟强,刘德华,1
刘伟强,梁朝伟,1
刘伟强,黄秋生,2
刘伟强,曾志伟,2
刘伟强,陈冠希,1
刘伟强,余文乐,1
刘德华,麦兆辉,1
梁朝伟,麦兆辉,1
梁朝伟,王家卫,4
梁朝伟,李安,1
梁朝伟,刘镇伟,1
黄秋生,麦兆辉,2
曾志伟,麦兆辉,2
曾志伟,陈可辛,1
麦兆辉,陈冠希,1
麦兆辉,余文乐,1
比利·怀尔德,泰隆·鲍华,1
比利·怀尔德,玛琳·黛德丽,1
比利·怀尔德,查尔斯·劳顿,1
比利·怀尔德,埃尔莎·兰彻斯特,1
刘镇伟,周星驰,2
刘镇伟,吴孟达,2
刘镇伟,朱茵,1
刘镇伟,蔡少芬,1
刘镇伟,罗家英,1
刘镇伟,蓝洁瑛,1
刘镇伟,林青霞,1
刘镇伟,叶玉卿,1
周星驰,周星驰,2
周星驰,元秋,1
周星驰,元华,1
周星驰,黄圣依,1
周星驰,张柏芝,1
周星驰,莫文蔚,1
周星驰,吴孟达,1
周星驰,李力持,2
周星驰,王晶,1
吴孟达,李力持,1
吴孟达,王晶,1
黄东赫,孔刘,1
黄东赫,郑裕美,1
黄东赫,金贤秀,1
黄东赫,郑仁絮,1
孔刘,延尚昊,1
郑裕美,延尚昊,1
奥利维埃·纳卡什,弗朗索瓦·克鲁塞,1
奥利维埃·纳卡什,奥玛·希,1
奥利维埃·纳卡什,安娜·勒尼,1
奥利维埃·纳卡什,奥德雷·弗勒罗,1
弗朗索瓦·克鲁塞,埃里克·托莱达诺,1
奥玛·希,埃里克·托莱达诺,1
安娜·勒尼,埃里克·托莱达诺,1
奥德雷·弗勒罗,埃里克·托莱达诺,1
李·昂克里奇,安东尼·冈萨雷斯,1
李·昂克里奇,盖尔·加西亚·贝纳尔,1
李·昂克里奇,本杰明·布拉特,1
李·昂克里奇,阿兰娜·乌巴赫,1
李·昂克里奇,蒂姆·艾伦,1
李·昂克里奇,琼·库萨克,1
李·昂克里奇,尼德·巴蒂,1
李·昂克里奇,约翰·古德曼,1
李·昂克里奇,比利·克里斯托,1
李·昂克里奇,玛丽·吉布斯,1
李·昂克里奇,史蒂夫·布西密,1
安东尼·冈萨雷斯,阿德里安·莫利纳,1
盖尔·加西亚·贝纳尔,阿德里安·莫利纳,1
本杰明·布拉特,阿德里安·莫利纳,1
阿兰娜·乌巴赫,阿德里安·莫利纳,1
弗朗西斯·福特·科波拉,马龙·白兰度,1
弗朗西斯·福特·科波拉,阿尔·帕西诺,3
弗朗西斯·福特·科波拉,詹姆斯·肯恩,1
弗朗西斯·福特·科波拉,理查德·S·卡斯特尔诺,1
弗朗西斯·福特·科波拉,罗伯特·杜瓦尔,1
弗朗西斯·福特·科波拉,黛安·基顿,2
弗朗西斯·福特·科波拉,罗伯特·德尼罗,1
弗朗西斯·福特·科波拉,塔莉娅·夏尔,1
弗朗西斯·福特·科波拉,安迪·加西亚,1
阿尔·帕西诺,马丁·布莱斯特,1
詹姆斯·肯恩,托尼·凯耶,1
加布里埃莱·穆奇诺,威尔·史密斯,1
加布里埃莱·穆奇诺,贾登·史密斯,1
加布里埃莱·穆奇诺,坦迪·牛顿,1
加布里埃莱·穆奇诺,布莱恩·豪威,1
贝纳尔多·贝托鲁奇,尊龙,1
贝纳尔多·贝托鲁奇,陈冲,1
贝纳尔多·贝托鲁奇,邬君梅,1
贝纳尔多·贝托鲁奇,彼得·奥图尔,1
陈冲,李安,1
克里斯·哥伦布,丹尼尔·雷德克里夫,2
克里斯·哥伦布,艾玛·沃森,2
克里斯·哥伦布,鲁伯特·格林特,2
克里斯·哥伦布,艾伦·瑞克曼,1
克里斯·哥伦布,汤姆·费尔顿,1
丹尼尔·雷德克里夫,大卫·叶茨,3
丹尼尔·雷德克里夫,阿方索·卡隆,1
丹尼尔·雷德克里夫,迈克·内威尔,1
艾玛·沃森,大卫·叶茨,3
艾玛·沃森,阿方索·卡隆,1
艾玛·沃森,迈克·内威尔,1
鲁伯特·格林特,大卫·叶茨,3
鲁伯特·格林特,阿方索·卡隆,1
鲁伯特·格林特,迈克·内威尔,1
张艺谋,姜武,1
张艺谋,牛犇,1
张艺谋,马精武,1
张艺谋,何赛飞,1
张艺谋,曹翠芬,1
罗伯·莱纳,玛德琳·卡罗尔,1
罗伯·莱纳,卡兰·麦克奥利菲,1
罗伯·莱纳,瑞贝卡·德·莫妮,1
罗伯·莱纳,安东尼·爱德华兹,1
罗伯·莱纳,杰克·尼科尔森,1
罗伯·莱纳,西恩·海耶斯,1
罗伯·莱纳,贝弗利·陶德,1
希斯·莱杰,李安,1
彼得·杰克逊,伊利亚·伍德,3
彼得·杰克逊,西恩·奥斯汀,3
彼得·杰克逊,维果·莫腾森,2
彼得·杰克逊,奥兰多·布鲁姆,2
彼得·杰克逊,多米尼克·莫纳汉,1
彼得·杰克逊,伊恩·麦克莱恩,1
维果·莫腾森,彼得·法雷里,1
奥兰多·布鲁姆,戈尔·维宾斯基,1
文牧野,徐峥,1
文牧野,王传君,1
文牧野,周一围,1
文牧野,谭卓,1
维克多·弗莱明,费雯·丽,1
维克多·弗莱明,克拉克·盖博,1
维克多·弗莱明,奥利维娅·德哈维兰,1
维克多·弗莱明,托马斯·米切尔,1
费雯·丽,乔治·库克,1
费雯·丽,山姆·伍德,1
费雯·丽,茂文·勒鲁瓦,1
克拉克·盖博,乔治·库克,1
克拉克·盖博,山姆·伍德,1
奥利维娅·德哈维兰,乔治·库克,1
奥利维娅·德哈维兰,山姆·伍德,1
托马斯·米切尔,乔治·库克,1
托马斯·米切尔,山姆·伍德,1
彼特·道格特,爱德华·阿斯纳,1
彼特·道格特,克里斯托弗·普卢默,1
彼特·道格特,乔丹·长井,1
彼特·道格特,鲍勃·彼德森,1
彼特·道格特,艾米·波勒,1
彼特·道格特,菲利丝·史密斯,1
彼特·道格特,理查德·坎德,1
彼特·道格特,比尔·哈德尔,1
彼特·道格特,约翰·古德曼,1
彼特·道格特,比利·克里斯托,1
彼特·道格特,玛丽·吉布斯,1
彼特·道格特,史蒂夫·布西密,1
彼特·道格特,杰米·福克斯,1
彼特·道格特,蒂娜·菲,1
彼特·道格特,菲利西亚·拉斯海德,1
彼特·道格特,阿米尔-卡利布·汤普森,1
爱德华·阿斯纳,鲍勃·彼德森,1
克里斯托弗·普卢默,鲍勃·彼德森,1
克里斯托弗·普卢默,朗·霍华德,1
克里斯托弗·普卢默,罗伯特·怀斯,1
乔丹·长井,鲍勃·彼德森,1
鲍勃·彼德森,鲍勃·彼德森,1
姜文,姜文,2
姜文,周润发,1
姜文,刘嘉玲,1
姜文,香川照之,1
姜文,袁丁,1
姜文,姜宏波,1
姜文,夏雨,1
姜文,宁静,1
姜文,陶虹,1
姜文,耿乐,1
姜文,谢晋,1
周润发,吴宇森,2
西德尼·吕美特,亨利·方达,1
西德尼·吕美特,马丁·鲍尔萨姆,1
西德尼·吕美特,约翰·菲德勒,1
西德尼·吕美特,李·科布,1
李濬益,薛景求,1
李濬益,严志媛,1
李濬益,李来,1
李濬益,金海淑,1
阿兰·葛斯彭纳,阿努克·斯特芬,1
阿兰·葛斯彭纳,布鲁诺·冈茨,1
阿兰·葛斯彭纳,昆林·艾格匹,1
阿兰·葛斯彭纳,安娜·申茨,1
香川照之,中岛哲也,1
涅提·蒂瓦里,法缇玛·萨那·纱卡,1
涅提·蒂瓦里,桑亚·玛荷塔,1
涅提·蒂瓦里,阿帕尔夏克提·库拉那,1
李安,苏拉·沙玛,1
李安,伊尔凡·可汗,1
李安,拉菲·斯波,1
李安,阿迪勒·侯赛因,1
李安,郎雄,2
李安,杨贵媚,1
李安,吴倩莲,1
李安,王渝文,1
李安,杰克·吉伦哈尔,1
李安,米歇尔·威廉姆斯,1
李安,汤唯,1
李安,王力宏,1
李安,赵文瑄,1
李安,归亚蕾,1
李安,金素梅,1
罗曼·波兰斯基,阿德里安·布罗迪,1
罗曼·波兰斯基,托马斯·克莱舒曼,1
罗曼·波兰斯基,艾米莉娅·福克斯,1
罗曼·波兰斯基,米哈乌·热布罗夫斯基,1
阿德里安·布罗迪,韦斯·安德森,1
阿德里安·布罗迪,托尼·凯耶,1
罗宾·威廉姆斯,格斯·范·桑特,1
伊桑·霍克,理查德·林克莱特,3
伊桑·霍克,安德鲁·尼科尔,1
娜丁·拉巴基,赞恩·阿尔·拉菲亚,1
娜丁·拉巴基,约丹诺斯·希费罗,1
娜丁·拉巴基,博鲁瓦蒂夫·特雷杰·班科尔,1
娜丁·拉巴基,卡萨尔·艾尔·哈达德,1
马丁·布莱斯特,克里斯·奥唐纳,1
马丁·布莱斯特,詹姆斯·瑞布霍恩,1
马丁·布莱斯特,加布里埃尔·安瓦尔,1
彼得·法雷里,马赫沙拉·阿里,1
彼得·法雷里,琳达·卡德里尼,1
彼得·法雷里,塞巴斯蒂安·马尼斯科,1
马赫沙拉·阿里,鲍勃·佩尔西凯蒂,1
马赫沙拉·阿里,彼得·拉姆齐,1
马赫沙拉·阿里,罗德尼·罗斯曼,1
万籁鸣,邱岳峰,1
万籁鸣,富润生,1
万籁鸣,毕克,1
万籁鸣,尚华,1
邱岳峰,王树忱,1
邱岳峰,严定宪,1
邱岳峰,徐景达,1
富润生,王树忱,1
富润生,严定宪,1
富润生,徐景达,1
毕克,王树忱,2
毕克,钱运达,1
毕克,严定宪,1
毕克,徐景达,1
莉莉·沃卓斯基,基努·里维斯,3
莉莉·沃卓斯基,劳伦斯·菲什伯恩,3
莉莉·沃卓斯基,凯瑞-安·莫斯,3
莉莉·沃卓斯基,雨果·维文,3
基努·里维斯,拉娜·沃卓斯基,3
劳伦斯·菲什伯恩,拉娜·沃卓斯基,3
凯瑞-安·莫斯,拉娜·沃卓斯基,3
雨果·维文,拉娜·沃卓斯基,3
雨果·维文,梅尔·吉布森,1
威廉·惠勒,奥黛丽·赫本,1
威廉·惠勒,格利高里·派克,1
威廉·惠勒,埃迪·艾伯特,1
威廉·惠勒,哈特利·鲍尔,1
罗伯特·德尼罗,赛尔乔·莱昂内,1
罗伯特·德尼罗,托德·菲利普斯,1
罗杰·阿勒斯,乔纳森·泰勒·托马斯,1
罗杰·阿勒斯,马修·布罗德里克,1
罗杰·阿勒斯,杰瑞米·艾恩斯,1
罗杰·阿勒斯,詹姆斯·厄尔·琼斯,1
乔纳森·泰勒·托马斯,罗伯·明可夫,1
马修·布罗德里克,罗伯·明可夫,1
杰瑞米·艾恩斯,罗伯·明可夫,1
詹姆斯·厄尔·琼斯,罗伯·明可夫,1
杨宇硕,宋康昊,1
杨宇硕,金英爱,1
杨宇硕,吴达洙,1
杨宇硕,郭度沅,1
宋康昊,奉俊昊,2
大卫·芬奇,凯特·布兰切特,1
大卫·芬奇,布拉德·皮特,3
大卫·芬奇,朱莉娅·奥蒙德,1
大卫·芬奇,芳妮·A·钱勃丝,1
大卫·芬奇,爱德华·诺顿,1
大卫·芬奇,海伦娜·伯翰·卡特,1
大卫·芬奇,扎克·格雷尼尔,1
大卫·芬奇,凯文·史派西,1
大卫·芬奇,格温妮斯·帕特洛,1
大卫·芬奇,本·阿弗莱克,1
大卫·芬奇,裴淳华,1
大卫·芬奇,尼尔·帕特里克·哈里斯,1
大卫·芬奇,凯莉·库恩,1
布拉德·皮特,昆汀·塔伦蒂诺,1
海伦娜·伯翰·卡特,大卫·叶茨,2
朗·霍华德,罗素·克劳,1
朗·霍华德,詹妮弗·康纳利,1
詹妮弗·康纳利,爱德华·兹威克,1
马克·赫尔曼,阿萨·巴特菲尔德,1
马克·赫尔曼,维拉·法米加,1
马克·赫尔曼,卡拉·霍根,1
马克·赫尔曼,祖萨·霍尔,1
维拉·法米加,邓肯·琼斯,1
岩井俊二,中山美穗,1
岩井俊二,丰川悦司,1
岩井俊二,酒井美纪,1
岩井俊二,柏原崇,1
盖·里奇,杰森·弗莱明,1
盖·里奇,德克斯特·弗莱彻,1
盖·里奇,尼克·莫兰,1
盖·里奇,杰森·斯坦森,1
弗洛里安·亨克尔·冯·多纳斯马尔克,乌尔里希·穆埃,1
弗洛里安·亨克尔·冯·多纳斯马尔克,马蒂娜·格德克,1
弗洛里安·亨克尔·冯·多纳斯马尔克,塞巴斯蒂安·科赫,1
弗洛里安·亨克尔·冯·多纳斯马尔克,乌尔里希·图库尔,1
罗伯特·怀斯,朱莉·安德鲁斯,1
罗伯特·怀斯,埃琳诺·帕克,1
罗伯特·怀斯,理查德·海顿,1
朱莉·安德鲁斯,皮埃尔·柯芬,1
朱莉·安德鲁斯,克里斯·雷纳德,1
萨姆·沃辛顿,梅尔·吉布森,1
奥里奥尔·保罗,马里奥·卡萨斯,1
奥里奥尔·保罗,阿娜·瓦格纳,1
奥里奥尔·保罗,何塞·科罗纳多,1
奥里奥尔·保罗,巴巴拉·莱涅,1
乔纳森·戴米,朱迪·福斯特,1
乔纳森·戴米,安东尼·霍普金斯,1
乔纳森·戴米,斯科特·格伦,1
乔纳森·戴米,安东尼·希尔德,1
斯科特·格伦,保罗·格林格拉斯,1
马基德·马基迪,默罕默德·阿米尔·纳吉,1
马基德·马基迪,阿米尔·法拉赫·哈什米安,1
马基德·马基迪,巴哈丽·西迪奇,1
马基德·马基迪,纳菲丝·贾法-穆罕默迪,1
米洛斯·福尔曼,杰克·尼科尔森,1
米洛斯·福尔曼,路易丝·弗莱彻,1
米洛斯·福尔曼,威廉·雷德菲尔德,1
米洛斯·福尔曼,克里斯托弗·洛伊德,1
韦斯·安德森,托尼·雷沃罗利,1
韦斯·安德森,威廉·达福,1
埃里克·布雷斯,阿什顿·库彻,1
埃里克·布雷斯,梅洛拉·沃尔特斯,1
埃里克·布雷斯,艾米·斯马特,1
埃里克·布雷斯,埃尔登·亨森,1
阿什顿·库彻,J·麦基·格鲁伯,1
梅洛拉·沃尔特斯,J·麦基·格鲁伯,1
艾米·斯马特,J·麦基·格鲁伯,1
埃尔登·亨森,J·麦基·格鲁伯,1
马丁·斯科塞斯,马克·鲁法洛,1
马丁·斯科塞斯,马克斯·冯·叙多夫,1
格斯·范·桑特,马特·达蒙,1
格斯·范·桑特,本·阿弗莱克,1
格斯·范·桑特,斯特兰·斯卡斯加德,1
马特·达蒙,保罗·格林格拉斯,2
马特·达蒙,雷德利·斯科特,1
昆汀·塔伦蒂诺,约翰·特拉沃尔塔,1
昆汀·塔伦蒂诺,乌玛·瑟曼,1
昆汀·塔伦蒂诺,阿曼达·普拉莫,1
昆汀·塔伦蒂诺,杰米·福克斯,1
昆汀·塔伦蒂诺,克里斯托弗·瓦尔兹,2
昆汀·塔伦蒂诺,塞缪尔·杰克逊,1
昆汀·塔伦蒂诺,梅拉尼·罗兰,1
昆汀·塔伦蒂诺,伊莱·罗斯,1
乌玛·瑟曼,安德鲁·尼科尔,1
托尼·凯耶,马西娅·盖伊·哈登,1
托尼·凯耶,克里斯蒂娜·亨德里克斯,1
宝拉·柯特莱西,宝拉·柯特莱西,1
宝拉·柯特莱西,瓦莱里奥·马斯坦德雷亚,1
宝拉·柯特莱西,罗马纳·马乔拉·韦尔加诺,1
宝拉·柯特莱西,埃马努艾拉·法内利,1
张柏芝,李力持,1
莫文蔚,李力持,1
李力持,陈百祥,1
李力持,郑佩佩,1
查理·卓别林,查理·卓别林,2
查理·卓别林,宝莲·高黛,1
查理·卓别林,亨利·伯格曼,2
查理·卓别林,蒂尼·桑福德,1
查理·卓别林,弗吉尼亚·切瑞尔,1
查理·卓别林,佛罗伦斯·李,1
杨德昌,吴念真,1
杨德昌,李凯莉,1
杨德昌,金燕玲,1
杨德昌,张洋洋,1
杨德昌,张震,1
杨德昌,杨静怡,1
杨德昌,张国柱,1
杨德昌,王启赞,1
奉俊昊,金相庆,1
奉俊昊,金雷夏,1
奉俊昊,宋在浩,1
奉俊昊,李善均,1
奉俊昊,赵汝贞,1
奉俊昊,崔宇植,1
詹姆斯·曼高德,约翰·库萨克,1
詹姆斯·曼高德,雷·利奥塔,1
詹姆斯·曼高德,阿曼达·皮特,1
詹姆斯·曼高德,约翰·浩克斯,1
王家卫,张震,1
王家卫,格利高里·戴顿,1
王家卫,林青霞,2
王家卫,金城武,1
王家卫,王菲,1
王家卫,张曼玉,1
王家卫,潘迪华,1
王家卫,雷震,1
王家卫,张学友,1
路易·西霍尤斯,路易·西霍尤斯,1
路易·西霍尤斯,瑞克·欧贝瑞,1
路易·西霍尤斯,哈迪·琼斯,1
路易·西霍尤斯,保罗·沃森,1
戈尔·维宾斯基,约翰尼·德普,1
戈尔·维宾斯基,杰弗里·拉什,1
戈尔·维宾斯基,凯拉·奈特莉,1
约翰尼·德普,蒂姆·波顿,1
凯拉·奈特莉,乔·赖特,1
凯拉·奈特莉,莫滕·泰杜姆,1
赛尔乔·莱昂内,詹姆斯·伍兹,1
赛尔乔·莱昂内,伊丽莎白·麦戈文,1
赛尔乔·莱昂内,乔·佩西,1
今敏,林原惠美,1
今敏,江守彻,2
今敏,堀胜之祐,1
今敏,古谷彻,1
今敏,岩男润子,1
今敏,松本梨香,1
今敏,辻亲八,1
今敏,大仓正章,1
今敏,梅垣义明,1
今敏,冈本绫,1
今敏,饭塚昭三,2
今敏,庄司美代子,1
今敏,小山茉美,1
今敏,折笠富美子,1
托马斯·温特伯格,麦斯·米科尔森,1
托马斯·温特伯格,托玛斯·博·拉森,1
托马斯·温特伯格,安妮卡·韦德科普,1
托马斯·温特伯格,拉丝·弗格斯托姆,1
陈可辛,黎明,1
陈可辛,张曼玉,1
陈可辛,杨恭如,1
张曼玉,徐克,1
张曼玉,李惠民,1
王树忱,丁建华,1
王树忱,苏秀,1
王树忱,程晓桦,1
王树忱,梁正晖,1
丁建华,钱运达,1
苏秀,钱运达,1
程晓桦,钱运达,1
李焕京,柳承龙,1
李焕京,朴信惠,1
李焕京,郑镇荣,1
李焕京,金正泰,1
唐·霍尔,斯科特·安第斯,1
唐·霍尔,瑞恩·波特,1
唐·霍尔,丹尼尔·海尼,1
唐·霍尔,T·J·米勒,1
斯科特·安第斯,克里斯·威廉姆斯,1
瑞恩·波特,克里斯·威廉姆斯,1
丹尼尔·海尼,克里斯·威廉姆斯,1
T·J·米勒,克里斯·威廉姆斯,1
理查德·林克莱特,朱莉·德尔佩,3
理查德·林克莱特,安德莉亚·埃克特,1
理查德·林克莱特,汉诺·波西尔,1
理查德·林克莱特,弗农·多布切夫,1
理查德·林克莱特,路易丝·勒莫瓦纳·托雷斯,1
理查德·林克莱特,肖姆斯·戴维-菲茨帕特里克,1
理查德·林克莱特,詹妮弗·普里尔,1
M·奈特·沙马兰,布鲁斯·威利斯,1
M·奈特·沙马兰,海利·乔·奥斯蒙,1
M·奈特·沙马兰,托妮·科莱特,1
M·奈特·沙马兰,奥莉维亚·威廉姆斯,1
托妮·科莱特,亚当·艾略特,1
中岛哲也,中谷美纪,1
中岛哲也,永山瑛太,1
中岛哲也,市川实日子,1
中岛哲也,松隆子,1
中岛哲也,冈田将生,1
中岛哲也,木村佳乃,1
中岛哲也,西井幸人,1
谢添,于是之,1
谢添,郑榕,1
谢添,蓝天野,1
谢添,英若诚,1
林青霞,李惠民,1
辻亲八,大森贵弘,1
迈克·内威尔,迈克尔·刚本,1
泷田洋二郎,本木雅弘,1
泷田洋二郎,广末凉子,1
泷田洋二郎,山崎努,1
泷田洋二郎,吉行和子,1
吉行和子,北野武,1
米林宏昌,志田未来,1
米林宏昌,神木隆之介,1
米林宏昌,树木希林,1
米林宏昌,三浦友和,1
神木隆之介,新海诚,1
艾米·波勒,罗纳尔多·德尔·卡门,1
菲利丝·史密斯,罗纳尔多·德尔·卡门,1
理查德·坎德,罗纳尔多·德尔·卡门,1
比尔·哈德尔,罗纳尔多·德尔·卡门,1
北野武,北野武,1
北野武,关口雄介,1
北野武,岸本加世子,1
蒂姆·波顿,薇诺娜·瑞德,1
蒂姆·波顿,黛安·韦斯特,1
蒂姆·波顿,安东尼·迈克尔·豪尔,1
蒂姆·波顿,伊万·麦克格雷格,1
蒂姆·波顿,阿尔伯特·芬尼,1
蒂姆·波顿,比利·克鲁德普,1
蒂姆·波顿,杰西卡·兰格,1
黛安·韦斯特,杰茜·尼尔森,1
杰克·吉伦哈尔,邓肯·琼斯,1
米歇尔·威廉姆斯,肯尼思·洛纳根,1
梅尔·吉布森,梅尔·吉布森,1
梅尔·吉布森,苏菲·玛索,1
梅尔·吉布森,布莱恩·考克斯,1
梅尔·吉布森,詹姆斯·科兹莫,1
梅尔·吉布森,安德鲁·加菲尔德,1
梅尔·吉布森,文斯·沃恩,1
布莱恩·考克斯,保罗·格林格拉斯,1
理查德·柯蒂斯,多姆纳尔·格里森,1
理查德·柯蒂斯,瑞秋·麦克亚当斯,1
理查德·柯蒂斯,比尔·奈伊,1
理查德·柯蒂斯,莉迪亚·威尔逊,1
理查德·柯蒂斯,休·格兰特,1
理查德·柯蒂斯,科林·费尔斯,1
瑞秋·麦克亚当斯,尼克·卡萨维蒂,1
是枝裕和,柳乐优弥,1
是枝裕和,北浦爱,1
是枝裕和,木村飞影,1
是枝裕和,清水萌萌子,1
是枝裕和,绫濑遥,1
是枝裕和,长泽雅美,1
是枝裕和,夏帆,1
是枝裕和,广濑铃,1
是枝裕和,中川雅也,1
是枝裕和,安藤樱,1
是枝裕和,松冈茉优,1
是枝裕和,城桧吏,1
是枝裕和,阿部宽,1
是枝裕和,夏川结衣,1
是枝裕和,江原由希子,1
是枝裕和,高桥和也,1
程小东,王祖贤,1
程小东,午马,1
程小东,刘兆铭,1
王祖贤,徐克,1
迪恩·戴布洛伊,杰伊·巴鲁切尔,1
迪恩·戴布洛伊,杰拉德·巴特勒,1
迪恩·戴布洛伊,克雷格·费格森,1
迪恩·戴布洛伊,亚美莉卡·费雷拉,1
杰伊·巴鲁切尔,克里斯·桑德斯,1
杰拉德·巴特勒,克里斯·桑德斯,1
克雷格·费格森,克里斯·桑德斯,1
亚美莉卡·费雷拉,克里斯·桑德斯,1
克里斯·桑德斯,尼古拉斯·凯奇,1
克里斯·桑德斯,艾玛·斯通,1
克里斯·桑德斯,瑞安·雷诺兹,1
克里斯·桑德斯,凯瑟琳·基纳,1
乔·赖特,马修·麦克费登,1
乔·赖特,唐纳德·萨瑟兰,1
乔·赖特,布兰达·布莱斯,1
朴勋政,李政宰,1
朴勋政,崔岷植,1
朴勋政,黄政民,1
朴勋政,宋智孝,1
克林特·伊斯特伍德,凯文·科斯特纳,1
克林特·伊斯特伍德,劳拉·邓恩,1
克林特·伊斯特伍德,克林特·伊斯特伍德,1
克林特·伊斯特伍德,T·J·劳瑟,1
凯文·科斯特纳,西奥多·梅尔菲,1
森淳一,桥本爱,2
森淳一,三浦贵大,2
森淳一,松冈茉优,2
森淳一,温水洋一,2
汉内斯·赫尔姆,罗夫·拉斯加德,1
汉内斯·赫尔姆,巴哈·帕斯,1
汉内斯·赫尔姆,托比亚斯·阿姆博瑞,1
汉内斯·赫尔姆,菲利普·伯格,1
让-皮埃尔·热内,奥黛丽·塔图,1
让-皮埃尔·热内,马修·卡索维茨,1
让-皮埃尔·热内,吕菲斯,1
让-皮埃尔·热内,洛莱拉·克拉沃塔,1
约翰·古德曼,大卫·西尔弗曼,1
比利·克里斯托,大卫·西尔弗曼,1
玛丽·吉布斯,大卫·西尔弗曼,1
史蒂夫·布西密,大卫·西尔弗曼,1
近藤喜文,本名阳子,1
近藤喜文,小林桂树,1
近藤喜文,高山南,1
近藤喜文,高桥一生,1
卢卡·瓜达尼诺,艾米·汉莫,1
卢卡·瓜达尼诺,提莫西·查拉梅,1
卢卡·瓜达尼诺,迈克尔·斯图巴,1
卢卡·瓜达尼诺,阿蜜拉·卡萨,1
梁正晖,严定宪,1
梁正晖,徐景达,1
王晶,张敏,1
王晶,徐锦江,1
杰米·福克斯,凯普·鲍尔斯,1
延尚昊,马东锡,1
延尚昊,金秀安,1
皮埃尔·柯芬,史蒂夫·卡瑞尔,1
皮埃尔·柯芬,杰森·席格尔,1
皮埃尔·柯芬,拉塞尔·布兰德,1
史蒂夫·卡瑞尔,克里斯·雷纳德,1
杰森·席格尔,克里斯·雷纳德,1
拉塞尔·布兰德,克里斯·雷纳德,1
大森贵弘,佐仓绫音,1
大森贵弘,内山昂辉,1
大森贵弘,山本兼平,1
亚当·艾略特,菲利普·塞默·霍夫曼,1
亚当·艾略特,巴瑞·哈姆弗莱斯,1
亚当·艾略特,艾瑞克·巴纳,1
黑泽明,三船敏郎,2
黑泽明,志村乔,2
黑泽明,津岛惠子,1
黑泽明,岛崎雪子,1
黑泽明,京町子,1
黑泽明,森雅之,1
莫滕·泰杜姆,本尼迪克特·康伯巴奇,1
莫滕·泰杜姆,马修·古迪,1
莫滕·泰杜姆,罗里·金尼尔,1
阿尔弗雷德·希区柯克,安东尼·博金斯,1
阿尔弗雷德·希区柯克,维拉·迈尔斯,1
阿尔弗雷德·希区柯克,约翰·加文,1
阿尔弗雷德·希区柯克,珍妮特·利,1
新海诚,上白石萌音,1
新海诚,长泽雅美,1
新海诚,市原悦子,1
杰茜·尼尔森,西恩·潘,1
杰茜·尼尔森,达科塔·范宁,1
杰茜·尼尔森,米歇尔·菲佛,1
西恩·潘,本·斯蒂勒,1
黄建新,牛振华,1
黄建新,雷恪生,1
黄建新,李强,1
黄建新,句号,1
牛振华,杨亚洲,1
雷恪生,杨亚洲,1
李强,杨亚洲,1
句号,杨亚洲,1
姜炯哲,沈恩敬,1
姜炯哲,闵孝琳,1
姜炯哲,姜素拉,1
姜炯哲,南宝拉,1
蒂娜·菲,凯普·鲍尔斯,1
菲利西亚·拉斯海德,凯普·鲍尔斯,1
阿米尔-卡利布·汤普森,凯普·鲍尔斯,1
金秉祐,河正宇,1
金秉祐,李璟荣,1
金秉祐,全慧珍,1
金秉祐,李大卫,1
河正宇,朴赞郁,1
温子仁,雷·沃纳尔,1
温子仁,加利·艾尔维斯,1
温子仁,丹尼·格洛弗,1
温子仁,梁振邦,1
托德·菲利普斯,华金·菲尼克斯,1
托德·菲利普斯,马克·马龙,1
托德·菲利普斯,莎姬·贝兹,1
华金·菲尼克斯,特瑞·乔治,1
马丁·麦克唐纳,弗兰西斯·麦克多蒙德,1
马丁·麦克唐纳,伍迪·哈里森,1
马丁·麦克唐纳,山姆·洛克威尔,1
马丁·麦克唐纳,艾比·考尼什,1
保罗·格林格拉斯,朱丽娅·斯蒂尔斯,1
保罗·格林格拉斯,大卫·斯特雷泽恩,1
保罗·格林格拉斯,卡尔·厄本,1
让-马克·瓦雷,詹妮弗·加纳,1
让-马克·瓦雷,杰瑞德·莱托,1
让-马克·瓦雷,史蒂夫·扎恩,1
杰瑞德·莱托,安德鲁·尼科尔,1
柯克·德·米科,尼古拉斯·凯奇,1
柯克·德·米科,艾玛·斯通,1
柯克·德·米科,瑞安·雷诺兹,1
柯克·德·米科,凯瑟琳·基纳,1
尼古拉斯·凯奇,安德鲁·尼科尔,1
艾玛·斯通,达米恩·查泽雷,1
雷德利·斯科特,吉娜·戴维斯,1
雷德利·斯科特,苏珊·萨兰登,1
雷德利·斯科特,哈威·凯特尔,1
雷德利·斯科特,迈克尔·马德森,1
雷德利·斯科特,克里斯汀·韦格,1
雷德利·斯科特,杰夫·丹尼尔斯,1
邦妮·亨特,巴瑞·莱文森,1
谢晋,吕晓禾,1
谢晋,唐国强,1
谢晋,何伟,1
谢晋,童超,1
谢晋,刘晓庆,1
谢晋,郑在石,1
谢晋,张光北,1
宁浩,郭涛,1
宁浩,刘桦,1
宁浩,连晋,1
宁浩,黄渤,1
费尔南多·梅里尔斯,亚历桑德雷·罗德里格斯,1
费尔南多·梅里尔斯,莱安德鲁·菲尔米诺,1
费尔南多·梅里尔斯,菲利佩·哈根森,1
费尔南多·梅里尔斯,道格拉斯·席尔瓦,1
亚历桑德雷·罗德里格斯,卡蒂亚·伦德,1
莱安德鲁·菲尔米诺,卡蒂亚·伦德,1
菲利佩·哈根森,卡蒂亚·伦德,1
道格拉斯·席尔瓦,卡蒂亚·伦德,1
斯坦利·多南,吉恩·凯利,1
斯坦利·多南,唐纳德·奥康纳,1
斯坦利·多南,黛比·雷诺斯,1
斯坦利·多南,简·哈根,1
吉恩·凯利,吉恩·凯利,1
吉恩·凯利,唐纳德·奥康纳,1
吉恩·凯利,黛比·雷诺斯,1
吉恩·凯利,简·哈根,1
斯坦利·库布里克,凯尔·杜拉,1
斯坦利·库布里克,加里·洛克伍德,1
斯坦利·库布里克,威廉姆·西尔维斯特,1
斯坦利·库布里克,丹尼尔·里希特,1
吴宇森,狄龙,1
吴宇森,朱宝意,1
吴宇森,钟楚红,1
吴宇森,朱江,1
忻钰坤,霍卫民,1
忻钰坤,王笑天,1
忻钰坤,罗芸,1
忻钰坤,杨瑜珍,1
巴勃罗·贝格尔,伊万·拉班达,1
巴勃罗·贝格尔,阿尔伯特·特里佛·塞加拉,1
巴勃罗·贝格尔,拉法·卡尔沃,1
巴勃罗·贝格尔,何塞·加西亚·托斯,1
特瑞·乔治,唐·钱德尔,1
特瑞·乔治,苏菲·奥康内多,1
特瑞·乔治,尼克·诺特,1
克里斯托弗·史密斯,梅利莎·乔治,1
克里斯托弗·史密斯,迈克尔·多曼,1
克里斯托弗·史密斯,利亚姆·海姆斯沃斯,1
克里斯托弗·史密斯,瑞秋·卡帕尼,1
卡洛斯·沙尔丹哈,雷·罗马诺,1
卡洛斯·沙尔丹哈,约翰·雷吉扎莫,1
卡洛斯·沙尔丹哈,丹尼斯·利瑞,1
卡洛斯·沙尔丹哈,杰克·布莱克,1
雷·罗马诺,克里斯·韦奇,1
约翰·雷吉扎莫,克里斯·韦奇,1
丹尼斯·利瑞,克里斯·韦奇,1
杰克·布莱克,克里斯·韦奇,1
山口胜平,藤森雅也,1
罗启锐,吴君如,1
罗启锐,任达华,1
罗启锐,钟绍图,1
罗启锐,李治廷,1
神山征二郎,仲代达矢,1
神山征二郎,八千草薰,1
神山征二郎,柳叶敏郎,1
神山征二郎,尾美利德,1
达米安·斯兹弗隆,达里奥·格兰迪内蒂,1
达米安·斯兹弗隆,玛丽娅·玛努尔,1
达米安·斯兹弗隆,莫妮卡·比利亚,1
达米安·斯兹弗隆,丽塔·科尔泰塞,1
黄信尧,庄益增,1
黄信尧,陈竹升,1
黄信尧,戴立忍,1
黄信尧,张少怀,1
邓肯·琼斯,米歇尔·莫纳汉,1
邓肯·琼斯,杰弗里·怀特,1
乔治·米勒,查理兹·塞隆,1
乔治·米勒,尼古拉斯·霍尔特,1
乔治·米勒,休·基斯-拜恩,1
丹尼·博伊尔,戴夫·帕特尔,1
丹尼·博伊尔,沙鲁巴·舒克拉,1
丹尼·博伊尔,亚尼·卡普尔,1
丹尼·博伊尔,拉詹德拉纳斯·祖特施,1
戴夫·帕特尔,洛芙琳·坦丹,1
沙鲁巴·舒克拉,洛芙琳·坦丹,1
亚尼·卡普尔,洛芙琳·坦丹,1
拉詹德拉纳斯·祖特施,洛芙琳·坦丹,1
藤森雅也,爱河里花子,1
藤森雅也,加藤清史郎,1
藤森雅也,原田知世,1
土井裕泰,菅田将晖,1
土井裕泰,有村架纯,1
土井裕泰,细田佳央太,1
土井裕泰,清原果耶,1
陆川,多布杰,1
陆川,张垒,1
陆川,奇道,1
陆川,赵雪莹,1
布莱恩·辛格,拉米·马雷克,1
布莱恩·辛格,本·哈迪,1
布莱恩·辛格,约瑟夫·梅泽罗,1
布莱恩·辛格,格威利姆·李,1
达米恩·查泽雷,迈尔斯·特勒,1
达米恩·查泽雷,J·K·西蒙斯,1
达米恩·查泽雷,保罗·雷瑟,1
达米恩·查泽雷,梅莉莎·班诺伊,1
达米恩·查泽雷,瑞恩·高斯林,1
达米恩·查泽雷,约翰·传奇,1
达米恩·查泽雷,罗丝玛丽·德薇特,1
本·斯蒂勒,本·斯蒂勒,1
本·斯蒂勒,克里斯汀·韦格,1
本·斯蒂勒,亚当·斯科特,1
徐克,赵文卓,1
徐克,吴兴国,1
瑞恩·高斯林,尼克·卡萨维蒂,1
达伦·阿伦诺夫斯基,米拉·库尼斯,1
达伦·阿伦诺夫斯基,文森特·卡塞尔,1
达伦·阿伦诺夫斯基,芭芭拉·赫希,1
普特鹏·普罗萨卡·那·萨克那卡林,平采娜·乐维瑟派布恩,1
普特鹏·普罗萨卡·那·萨克那卡林,马里奥·毛瑞尔,1
普特鹏·普罗萨卡·那·萨克那卡林,苏达拉·布查蓬,1
普特鹏·普罗萨卡·那·萨克那卡林,雅尼卡·桑普蕾舞,1
平采娜·乐维瑟派布恩,华森·波克彭,1
马里奥·毛瑞尔,华森·波克彭,1
苏达拉·布查蓬,华森·波克彭,1
雅尼卡·桑普蕾舞,华森·波克彭,1
李惠民,梁家辉,1
李惠民,甄子丹,1
巴瑞·莱文森,达斯汀·霍夫曼,1
巴瑞·莱文森,汤姆·克鲁斯,1
巴瑞·莱文森,瓦莱丽亚·戈利诺,1
热拉尔·乌里,路易·德·菲奈斯,1
热拉尔·乌里,布尔维尔,1
热拉尔·乌里,克劳迪奥·布鲁克,1
热拉尔·乌里,安德丽·帕里西,1
安德鲁·尼科尔,裘德·洛,1
安德鲁·尼科尔,艾伦·阿金,1
安德鲁·尼科尔,布里吉特·莫伊纳汉,1
安德鲁·尼科尔,伊安·霍姆,1
尼克·卡萨维蒂,吉娜·罗兰兹,1
尼克·卡萨维蒂,詹姆斯·加纳,1
詹姆斯·沃德·布柯特,艾米丽·芭尔多尼,1
詹姆斯·沃德·布柯特,莫瑞·史特林,1
詹姆斯·沃德·布柯特,尼古拉斯·布兰登,1
詹姆斯·沃德·布柯特,劳伦·斯卡法莉娅,1
肯尼思·洛纳根,卡西·阿弗莱克,1
肯尼思·洛纳根,卢卡斯·赫奇斯,1
肯尼思·洛纳根,C·J·威尔逊,1
斯蒂芬·卓博斯基,雅各布·特伦布莱,1
斯蒂芬·卓博斯基,朱莉娅·罗伯茨,1
斯蒂芬·卓博斯基,伊扎贝拉·维多维奇,1
斯蒂芬·卓博斯基,欧文·威尔逊,1
雅各布·特伦布莱,伦尼·阿伯拉罕森,1
高畑勋,辰己努,1
高畑勋,白石绫乃,1
高畑勋,志乃原良子,1
高畑勋,山口朱美,1
鲍勃·佩尔西凯蒂,沙梅克·摩尔,1
鲍勃·佩尔西凯蒂,杰克·约翰逊,1
鲍勃·佩尔西凯蒂,海莉·斯坦菲尔德,1
沙梅克·摩尔,彼得·拉姆齐,1
沙梅克·摩尔,罗德尼·罗斯曼,1
杰克·约翰逊,彼得·拉姆齐,1
杰克·约翰逊,罗德尼·罗斯曼,1
海莉·斯坦菲尔德,彼得·拉姆齐,1
海莉·斯坦菲尔德,罗德尼·罗斯曼,1
押井守,田中敦子,1
押井守,大塚明夫,1
押井守,山寺宏一,1
押井守,大木民夫,1
克里斯·巴克,克里斯汀·贝尔,1
克里斯·巴克,伊迪娜·门泽尔,1
克里斯·巴克,乔纳森·格罗夫,1
克里斯·巴克,乔什·加德,1
克里斯汀·贝尔,珍妮弗·李,1
伊迪娜·门泽尔,珍妮弗·李,1
乔纳森·格罗夫,珍妮弗·李,1
乔什·加德,珍妮弗·李,1
爱德华·兹威克,杰曼·翰苏,1
爱德华·兹威克,阿诺德·沃斯洛,1
茂文·勒鲁瓦,罗伯特·泰勒,1
茂文·勒鲁瓦,露塞尔·沃特森,1
茂文·勒鲁瓦,弗吉尼亚·菲尔德,1
伦尼·阿伯拉罕森,布丽·拉尔森,1
伦尼·阿伯拉罕森,肖恩·布里吉格斯,1
伦尼·阿伯拉罕森,温迪·古逊,1
西奥多·梅尔菲,塔拉吉·P·汉森,1
西奥多·梅尔菲,奥克塔维亚·斯宾瑟,1
西奥多·梅尔菲,加奈儿·梦奈,1
朴赞郁,金敏喜,1
朴赞郁,金泰梨,1
朴赞郁,赵震雄,1
