排名,电影名,rating,rating_count
184,2001太空漫游 2001: A Space Odyssey,8.9,386854
195,牯岭街少年杀人事件 牯嶺街少年殺人事件,8.9,361461
112,被嫌弃的松子的一生 嫌われ松子の一生,8.8,764822
142,请以你的名字呼唤我 Call Me by Your Name,8.8,812577
152,告白,8.8,735018
241,萤火虫之墓 火垂るの墓,8.7,435686
159,射雕英雄传之东成西就 射鵰英雄傳之東成西就,8.7,710077
168,电锯惊魂 Saw,8.7,604020
169,小丑 Joker,8.7,1114860
224,人工智能 A.I. Artificial Intelligence,8.7,496122
