director,bipartite_degree
宫崎骏,0.0375
史蒂文·斯皮尔伯格,0.0275
李安,0.02375
克里斯托弗·诺兰,0.0225
彼特·道格特,0.02
是枝裕和,0.02
大卫·芬奇,0.0175
今敏,0.0175
詹姆斯·卡梅隆,0.015
朱塞佩·托纳多雷,0.015
李·昂克里奇,0.015
昆汀·塔伦蒂诺,0.01375
王家卫,0.01375
刘镇伟,0.0125
弗朗西斯·福特·科波拉,0.01125
梅尔·吉布森,0.01125
弗兰克·德拉邦特,0.01
彼得·威尔,0.01
瑞奇·摩尔,0.01
罗伯·莱纳,0.01
